{
    "title": "GeoCon",
    "product": "touch",
    "version": "2.0.0",
    "path": "touch/2.0.0/examples/geocongress/",
    "categories": [
        {
            "label": "Sencha Touch"
        },
        {
            "label": "Sencha Touch 2.0.0"
        }
    ],
    "seeAlso": [],
    "author": {
        "name": "Sencha Inc.",
        "github": "extjs",
        "url": "http://sencha.com/",
        "senchadevs": ""
    },
    "files": [
        "app.js",
        "app.json",
        "app/controller/Committee.js",
        "app/controller/Legislator.js",
        "app/controller/SplashScreen.js",
        "app/model/Bill.js",
        "app/model/Committee.js",
        "app/model/Legislator.js",
        "app/model/Vote.js",
        "app/store/Bills.js",
        "app/store/Committees.js",
        "app/store/Districts.js",
        "app/store/Legislators.js",
        "app/store/States.js",
        "app/store/Votes.js",
        "app/view/Main.js",
        "app/view/Settings.js",
        "app/view/Splash.js",
        "app/view/bill/List.js",
        "app/view/bill/Show.js",
        "app/view/committee/List.js",
        "app/view/legislator/Bio.js",
        "app/view/legislator/Info.js",
        "app/view/legislator/List.js",
        "app/view/legislator/TabPanel.js",
        "app/view/vote/List.js",
        "app/view/vote/Show.js",
        "index.html",
        "resources/css/app.css",
        "resources/icons/icon.png",
        "resources/loading/Default-LandscapeLeft~ipad.png",
        "resources/loading/Default-LandscapeRight~ipad.png",
        "resources/loading/Default-Landscape~ipad.png",
        "resources/loading/Default-PortraitUpsideDown~ipad.png",
        "resources/loading/Default-Portrait~ipad.png",
        "resources/loading/Default.png",
        "resources/loading/Default@2x.png",
        "resources/loading/Default~ipad.png",
        "resources/loading/Homescreen.jpg",
        "resources/loading/Homescreen~ipad.jpg",
        "resources/loading/iTunesArtwork.png",
        "resources/loading/phone_startup.png",
        "resources/loading/tablet_startup.png"
    ]
}
