{
    "title": "RememberSelection 1.0 Beta",
    "product": "touch",
    "version": "2.0.1",
    "path": "touch/2.0.1/community/RememberSelection/",
    "categories": [
        {
            "label": "Sencha Touch"
        },
        {
            "label": "Sencha Touch 2.0.1"
        }
    ],
    "seeAlso": [
        {
            "label": "RememberSelection Example on GitHub",
            "url": "https://github.com/bunchofstring/Ext.plugin.RememberSelection",
            "type": "github"
        }
    ],
    "author": {
        "name": "Bunchofstring (Dave Mitchell)",
        "github": "bunchofstring",
        "url": "http://bunchofstring.magnt.com/",
        "senchadevs": ""
    },
    "files": [
        "app.js",
        "index.html",
        "RememberSelection.js"
    ]
}
