{
    "title": "Carousel",
    "product": "touch",
    "version": "2.0.0",
    "path": "touch/2.0.0/examples/carousel/",
    "categories": [
        {
            "label": "Sencha Touch"
        },
        {
            "label": "Sencha Touch 2.0.0"
        }
    ],
    "seeAlso": [],
    "author": {
        "name": "Sencha Inc.",
        "github": "extjs",
        "url": "http://sencha.com/",
        "senchadevs": ""
    },
    "files": [
        "app.js",
        "app.json",
        "index.html",
        "resources/css/app.css",
        "resources/icons/icon.png",
        "resources/icons/icon@144.png",
        "resources/icons/icon@2x.png",
        "resources/icons/icon@72.png",
        "resources/loading/Default-LandscapeLeft~ipad.png",
        "resources/loading/Default-LandscapeRight~ipad.png",
        "resources/loading/Default-Landscape~ipad.png",
        "resources/loading/Default-PortraitUpsideDown~ipad.png",
        "resources/loading/Default-Portrait~ipad.png",
        "resources/loading/Default.png",
        "resources/loading/Default@2x.png",
        "resources/loading/Default~ipad.png",
        "resources/loading/Homescreen.jpg",
        "resources/loading/Homescreen~ipad.jpg",
        "resources/loading/iTunesArtwork.png",
        "resources/photos/Animals/1.jpg",
        "resources/photos/Animals/10.jpg",
        "resources/photos/Animals/2.jpg",
        "resources/photos/Animals/3.jpg",
        "resources/photos/Animals/4.jpg",
        "resources/photos/Animals/5.jpg",
        "resources/photos/Animals/6.jpg",
        "resources/photos/Animals/7.jpg",
        "resources/photos/Animals/8.jpg",
        "resources/photos/Animals/9.jpg",
        "resources/photos/Architecture/1.jpg",
        "resources/photos/Architecture/10.jpg",
        "resources/photos/Architecture/2.jpg",
        "resources/photos/Architecture/3.jpg",
        "resources/photos/Architecture/4.jpg",
        "resources/photos/Architecture/5.jpg",
        "resources/photos/Architecture/6.jpg",
        "resources/photos/Architecture/7.jpg",
        "resources/photos/Architecture/8.jpg",
        "resources/photos/Architecture/9.jpg",
        "resources/photos/Cars/1.jpg",
        "resources/photos/Cars/10.jpg",
        "resources/photos/Cars/2.jpg",
        "resources/photos/Cars/3.jpg",
        "resources/photos/Cars/4.jpg",
        "resources/photos/Cars/5.jpg",
        "resources/photos/Cars/6.jpg",
        "resources/photos/Cars/7.jpg",
        "resources/photos/Cars/8.jpg",
        "resources/photos/Cars/9.jpg",
        "resources/photos/Food/1.jpg",
        "resources/photos/Food/10.jpg",
        "resources/photos/Food/2.jpg",
        "resources/photos/Food/3.jpg",
        "resources/photos/Food/4.jpg",
        "resources/photos/Food/5.jpg",
        "resources/photos/Food/6.jpg",
        "resources/photos/Food/7.jpg",
        "resources/photos/Food/8.jpg",
        "resources/photos/Food/9.jpg",
        "resources/photos/attribution.txt",
        "resources/photos/loading.png"
    ]
}
