{
    "title": "Animating a dialog box using the Ext.Msg class and Ext JS",
    "product": "extjs",
    "version": "4.1.0",
    "path": "extjs/4.1.0/demos/Ext.Msg.show.animateTarget.1/",
    "categories": [
        {
            "label": "Ext JS"
        },
        {
            "label": "Ext JS 4.1.0"
        }
    ],
    "tags": [],
    "seeAlso": [],
    "author": {
        "name": "Sencha Inc.",
        "github": "extjs",
        "url": "http://sencha.com/",
        "senchadevs": ""
    }
}
