{
    "title": "Checking whether an array contains a specific value using the Ext.Array class",
    "product": "extjs",
    "version": "4.1.0",
    "path": "extjs/4.1.0/demos/Ext.Array.contains.1/",
    "categories": [
        {
            "label": "Ext JS"
        },
        {
            "label": "Ext JS 4.1.0"
        }
    ],
    "tags": [
        {
            "label": "Ext.Array"
        },
        {
            "label": "contains()"
        }
    ],
    "seeAlso": [
        {
            "label": "Ext.Array Documentation",
            "url": "http://docs.sencha.com/ext-js/4-1/#!/api/Ext.Array",
            "type": "docs"
        }
    ],
    "author": {
        "name": "Sencha Inc.",
        "github": "extjs",
        "url": "http://sencha.com/",
        "senchadevs": ""
    }
}
