{
    "title": "Ext.form.CheckboxGroup Example",
    "product": "extjs",
    "version": "4.0.7",
    "path": "extjs/4.0.7/docs/Ext.form.CheckboxGroup.1/",
    "categories": [
        {
            "label": "Ext JS"
        },
        {
            "label": "Ext JS 4.0.7"
        }
    ],
    "tags": [
        {
            "label": "Ext.form.CheckboxGroup"
        },
        {
            "label": "checkboxgroup"
        },
        {
            "label": "fieldLabel"
        },
        {
            "label": "columns"
        },
        {
            "label": "vertical"
        },
        {
            "label": "items"
        },
        {
            "label": "form"
        }
    ],
    "seeAlso": [
        {
            "label": "Ext.form.CheckboxGroup Documentation",
            "url": "http://docs.sencha.com/ext-js/4-0/#!/api/Ext.form.CheckboxGroup",
            "type": "docs"
        },
        {
            "label": "The Form Package Guide",
            "url": "http://docs.sencha.com/ext-js/4-0/#!/guide/forms",
            "type": "guide"
        }
    ],
    "author": {
        "name": "Sencha Inc.",
        "github": "extjs",
        "url": "http://sencha.com/",
        "senchadevs": ""
    }
}
