{
    "title": "Tab Scroller Menu Plugin",
    "product": "extjs",
    "version": "4.0.7",
    "path": "extjs/4.0.7/examples/tabs/tab-scroller-menu/",
    "categories": [
        {
            "label": "Ext JS"
        },
        {
            "label": "Ext JS 4.0.7"
        }
    ],
    "seeAlso": [],
    "author": {
        "name": "Sencha Inc.",
        "github": "extjs",
        "url": "http://sencha.com/",
        "senchadevs": ""
    },
    "files": [
        "app.js",
        "index.html",
        "resources/css/app.css",
        "ux/TabScrollerMenu.js",
        "ux/css/TabScrollerMenu.css",
        "ux/css/images/tab-scroller-menu.gif"
    ]
}
