{
    "title": "Resizable Examples",
    "product": "extjs",
    "version": "4.0.7",
    "path": "extjs/4.0.7/examples/resizer/resizer/",
    "categories": [
        {
            "label": "Ext JS"
        },
        {
            "label": "Ext JS 4.0.7"
        }
    ],
    "seeAlso": [],
    "author": {
        "name": "Sencha Inc.",
        "github": "extjs",
        "url": "http://sencha.com/",
        "senchadevs": ""
    },
    "files": [
        "app.js",
        "index.html",
        "resources/css/app.css",
        "resources/css/images/square.gif",
        "resources/images/CroixDeFer.jpg",
        "resources/images/avus_gtr.jpg",
        "resources/images/flower.jpg",
        "resources/images/grass.jpg",
        "resources/images/stones.jpg"
    ]
}
