{
    "title": "Advanced Custom Animations with Touch 2",
    "product": "touch",
    "version": "2.0.1",
    "path": "touch/2.0.1/community/animations-advanced-custom/",
    "categories": [
        {
            "label": "Sencha Touch"
        },
        {
            "label": "Sencha Touch 2.0.1"
        }
    ],
    "seeAlso": [
        {
            "label": "Advanced Custom Animations with Touch 2 Example on GitHub",
            "url": "https://github.com/brunotavares/SenchaExamples/tree/master/touch/animations-advanced-custom",
            "type": "github"
        }
    ],
    "author": {
        "name": "Bruno Tavares",
        "github": "brunotavares",
        "url": "http://bruno.tavares.me/",
        "senchadevs": ""
    },
    "files": [
        "app.js",
        "index.html",
        "lib/fx/layout/ScaleFade.js",
        "lib/fx/ScaleFade.js",
        "lib/fx/ScaleFadeOut.js"
    ]
}
