{
    "title": "Adding a loading mask to an Ext.panel.Panel container in Ext JS",
    "product": "extjs",
    "version": "4.0.7",
    "path": "extjs/4.0.7/demos/Ext.Panel.setLoading.2/",
    "categories": [
        {
            "label": "Ext JS"
        },
        {
            "label": "Ext JS 4.0.7"
        }
    ],
    "tags": [
        {
            "label": "Ext.panel.Panel"
        },
        {
            "label": "Ext.Panel"
        },
        {
            "label": "panel"
        },
        {
            "label": "setLoading()"
        }
    ],
    "seeAlso": [
        {
            "label": "Ext.panel.Panel Documentation",
            "url": "http://docs.sencha.com/ext-js/4-0/#!/api/Ext.panel.Panel",
            "type": "docs"
        }
    ],
    "author": {
        "name": "Sencha Inc.",
        "github": "extjs",
        "url": "http://sencha.com/",
        "senchadevs": ""
    }
}
