{
    "title": "Ext.Button Example",
    "product": "touch",
    "version": "2.0.0",
    "path": "touch/2.0.0/docs/Ext.Button.2/",
    "categories": [
        {
            "label": "Sencha Touch"
        },
        {
            "label": "Sencha Touch 2.0.0"
        }
    ],
    "tags": [
        {
            "label": "Ext.Button"
        },
        {
            "label": "button"
        },
        {
            "label": "iconCls"
        },
        {
            "label": "iconMask"
        }
    ],
    "seeAlso": [
        {
            "label": "Ext.Button Documentation",
            "url": "http://docs.sencha.com/touch/2-0/#!/api/Ext.Button",
            "type": "docs"
        }
    ],
    "author": {
        "name": "Sencha Inc.",
        "github": "extjs",
        "url": "http://sencha.com/",
        "senchadevs": ""
    }
}
