{
    "title": "Ext.slider.Multi Example",
    "product": "extjs",
    "version": "4.0.7",
    "path": "extjs/4.0.7/docs/Ext.slider.Multi.1/",
    "categories": [
        {
            "label": "Ext JS"
        },
        {
            "label": "Ext JS 4.0.7"
        }
    ],
    "tags": [
        {
            "label": "Ext.slider.Multi"
        },
        {
            "label": "Ext.slider.MultiSlider"
        },
        {
            "label": "multislider"
        },
        {
            "label": "values"
        },
        {
            "label": "increment"
        },
        {
            "label": "minValue"
        },
        {
            "label": "maxValue"
        },
        {
            "label": "constrainThumbs"
        },
        {
            "label": "slider"
        }
    ],
    "seeAlso": [
        {
            "label": "Ext.slider.Multi Documentation",
            "url": "http://docs.sencha.com/ext-js/4-0/#!/api/Ext.slider.Multi",
            "type": "docs"
        }
    ],
    "author": {
        "name": "Sencha Inc.",
        "github": "extjs",
        "url": "http://sencha.com/",
        "senchadevs": ""
    }
}
