{
  "children":[
    {
      "cls":"file",
      "fileName":"Ajax.js",
      "id":"./Ajax.js",
      "leaf":true
    },
    {
      "cls":"folder",
      "fileName":"form",
      "id":"./form",
      "children": [
        {
          "fileName":"Panel.js",
          "id":"form\/Panel.js",
          "leaf":true,
          "cls":"file"
        },
        {
          "fileName":"Field",
          "id":"field\/Field",
          "cls":"folder",
          "children": [
            {
              "fileName":"Number.js",
              "id":"field\/Number.js",
              "leaf":true,
              "cls":"file"
            },
            {
              "fileName":"Text.js",
              "id":"field\/Text.js",
              "leaf":true,
              "cls":"file"
            }
          ]
        }
      ]
    },
    {
      "cls":"folder",
      "fileName":"util",
      "id":"./util",
      "children": [
        {
          "fileName":"TapRepeater.js",
          "id":"util\/TapRepeater.js",
          "leaf":true,
          "cls":"file"
        }
      ]
    }
  ],
  "text":"."
}
