{
    "title": "Ext.form.field.TextArea Example",
    "product": "extjs",
    "version": "4.0.7",
    "path": "extjs/4.0.7/docs/Ext.form.field.TextArea.1/",
    "categories": [
        {
            "label": "Ext JS"
        },
        {
            "label": "Ext JS 4.0.7"
        }
    ],
    "tags": [
        {
            "label": "Ext.form.field.TextArea"
        },
        {
            "label": "Ext.form.TextArea"
        },
        {
            "label": "textareafield"
        },
        {
            "label": "textarea"
        },
        {
            "label": "grow"
        },
        {
            "label": "form"
        },
        {
            "label": "field"
        }
    ],
    "seeAlso": [
        {
            "label": "Ext.form.field.TextArea Documentation",
            "url": "http://docs.sencha.com/ext-js/4-0/#!/api/Ext.form.field.TextArea",
            "type": "docs"
        },
        {
            "label": "The Form Package Guide",
            "url": "http://docs.sencha.com/ext-js/4-0/#!/guide/forms",
            "type": "guide"
        }
    ],
    "author": {
        "name": "Sencha Inc.",
        "github": "extjs",
        "url": "http://sencha.com/",
        "senchadevs": ""
    }
}
