{
    "title": "ExtJS 4 MVC Complex Dashboard Example",
    "product": "extjs",
    "version": "4.1.0",
    "path": "extjs/4.1.0/community/extjs4-mvc-complex-dashboard/",
    "categories": [
        {
            "label": "Ext JS"
        },
        {
            "label": "Ext JS 4.1.0"
        }
    ],
    "seeAlso": [
        {
            "label": "ExtJS 4 MVC Complex Dashboard Example on Github",
            "url": "https://github.com/loiane/extjs4-mvc-complex-dashboard",
            "type": "github"
        }
    ],
    "author": {
        "name": "Loiane Groner",
        "github": "loiane",
        "url": "http://loianegroner.com/"
    },
    "files": [
        "app/controller/Stocks.js",
        "app/model/RadarDataSet.js",
        "app/model/Stock.js",
        "app/store/RadarDataSets.js",
        "app/store/Stocks.js",
        "app/view/chart/StockBar.js",
        "app/view/chart/StockRadar.js",
        "app/view/stocks/StockForm.js",
        "app/view/stocks/StockGrid.js",
        "app/view/Viewport.js",
        "app.js",
        "index.html"
    ]
}
