{
    "title": "Ext.toolbar.Fill Example",
    "product": "extjs",
    "version": "4.0.7",
    "path": "extjs/4.0.7/docs/Ext.toolbar.Fill.1/",
    "categories": [
        {
            "label": "Ext JS"
        },
        {
            "label": "Ext JS 4.0.7"
        }
    ],
    "tags": [
        {
            "label": "Ext.toolbar.Fill"
        },
        {
            "label": "Ext.Toolbar.Fill"
        },
        {
            "label": "tbfill"
        },
        {
            "label": "tbar"
        },
        {
            "label": "toolbar"
        }
    ],
    "seeAlso": [
        {
            "label": "Ext.toolbar.Fill Documentation",
            "url": "http://docs.sencha.com/ext-js/4-0/#!/api/Ext.toolbar.Fill",
            "type": "docs"
        }
    ],
    "author": {
        "name": "Sencha Inc.",
        "github": "extjs",
        "url": "http://sencha.com/",
        "senchadevs": ""
    }
}
