{
    "title": "Loading a new page when a user clicks an Ext.Button component in Ext JS",
    "product": "extjs",
    "version": "4.1.0",
    "path": "extjs/4.1.0/demos/Ext.Button.target.1/",
    "categories": [
        {
            "label": "Ext JS"
        },
        {
            "label": "Ext JS 4.1.0"
        }
    ],
    "tags": [
        {
            "label": "Ext.button.Button"
        },
        {
            "label": "Ext.Button"
        },
        {
            "label": "button"
        }
    ],
    "seeAlso": [],
    "author": {
        "name": "Sencha Inc.",
        "github": "extjs",
        "url": "http://sencha.com/",
        "senchadevs": ""
    }
}
