{
    "title": "Ext.form.Panel Example",
    "product": "extjs",
    "version": "4.0.7",
    "path": "extjs/4.0.7/docs/Ext.form.Panel.1/",
    "categories": [
        {
            "label": "Ext JS"
        },
        {
            "label": "Ext JS 4.0.7"
        }
    ],
    "tags": [
        {
            "label": "Ext.form.Panel"
        },
        {
            "label": "Ext.FormPanel"
        },
        {
            "label": "Ext.form.FormPanel"
        },
        {
            "label": "form"
        },
        {
            "label": "bodyPadding"
        },
        {
            "label": "url"
        },
        {
            "label": "anchor"
        },
        {
            "label": "buttons"
        },
        {
            "label": "form"
        }
    ],
    "seeAlso": [
        {
            "label": "Ext.form.Panel Documentation",
            "url": "http://docs.sencha.com/ext-js/4-0/#!/api/Ext.form.Panel",
            "type": "docs"
        },
        {
            "label": "The Form Package Guide",
            "url": "http://docs.sencha.com/ext-js/4-0/#!/guide/forms",
            "type": "guide"
        }
    ],
    "author": {
        "name": "Sencha Inc.",
        "github": "extjs",
        "url": "http://sencha.com/",
        "senchadevs": ""
    }
}
