{
    "title": "Multiple grid sorting example",
    "product": "extjs",
    "version": "4.0.7",
    "path": "extjs/4.0.7/examples/grid/multiple-sorting/",
    "categories": [
        {
            "label": "Ext JS"
        },
        {
            "label": "Ext JS 4.0.7"
        }
    ],
    "seeAlso": [],
    "author": {
        "name": "Sencha Inc.",
        "github": "extjs",
        "url": "http://sencha.com/",
        "senchadevs": ""
    },
    "files": [
        "app.js",
        "index.html",
        "resources/css/app.css",
        "resources/images/grid/sort_asc.gif",
        "resources/images/grid/sort_desc.gif",
        "ux/BoxReorderer.js",
        "ux/ToolbarDroppable.js"
    ]
}
