{
    "title": "ExtJS 4 MVC Paging Grid Example",
    "product": "extjs",
    "version": "4.1.1",
    "path": "extjs/4.1.1/community/extjs4-mvc-paging-grid/",
    "categories": [
        {
            "label": "Ext JS"
        },
        {
            "label": "Ext JS 4.1.1"
        }
    ],
    "seeAlso": [
        {
            "label": "ExtJS 4 MVC Paging Grid Example on Github",
            "url": "https://github.com/loiane/extjs4-mvc-paging-grid",
            "type": "github"
        }
    ],
    "author": {
        "name": "Loiane Groner",
        "github": "loiane",
        "url": "http://loianegroner.com/",
        "senchadevs": "loiane"
    },
    "files": [
        "app/controller/ForumThreads.js",
        "app/model/ForumThread.js",
        "app/store/ForumThreads.js",
        "app/view/forumThread/ForumThreadGrid.js",
        "app/view/Viewport.js",
        "app.js",
        "index.html"
    ]
}