{
    "title": "Ext.button.Button Example",
    "product": "extjs",
    "version": "4.0.7",
    "path": "extjs/4.0.7/docs/Ext.button.Button.7/",
    "categories": [
        {
            "label": "Ext JS"
        },
        {
            "label": "Ext JS 4.0.7"
        }
    ],
    "tags": [
        {
            "label": "Ext.button.Button"
        },
        {
            "label": "Ext.Button"
        },
        {
            "label": "button"
        },
        {
            "label": "listeners"
        },
        {
            "label": "click"
        },
        {
            "label": "mouseover"
        }
    ],
    "seeAlso": [
        {
            "label": "Ext.button.Button Documentation",
            "url": "http://docs.sencha.com/ext-js/4-0/#!/api/Ext.button.Button",
            "type": "docs"
        }
    ],
    "author": {
        "name": "Sencha Inc.",
        "github": "extjs",
        "url": "http://sencha.com/",
        "senchadevs": ""
    }
}
