{
    "title": "ExtJS 4 Basic Array Grid - MVC (with Action Columns)",
    "product": "extjs",
    "version": "4.1.0",
    "path": "extjs/4.1.0/community/extjs4-mvc-basic-array-grid/",
    "categories": [
        {
            "label": "Ext JS"
        },
        {
            "label": "Ext JS 4.1.0"
        }
    ],
    "seeAlso": [
        {
            "label": "ExtJS 4 Basic Array Grid - MVC (with Action Columns) on Github",
            "url": "https://github.com/loiane/extjs4-mvc-basic-array-grid",
            "type": "github"
        }
    ],
    "author": {
        "name": "Loiane Groner",
        "github": "loiane",
        "url": "http://loianegroner.com/",
        "senchadevs": "loiane"
    },
    "files": [
        "app/controller/Stocks.js",
        "app/model/Stock.js",
        "app/store/Stocks.js",
        "app/view/stock/StockGrid.js",
        "app/view/Viewport.js",
        "app.js",
        "index.html",
        "resources/css/array-grid.css",
        "resources/icons/accept.gif",
        "resources/icons/delete.gif",
        "resources/icons/error.gif"
    ]
}