{
    "title": "Displaying an icon in a dialog box using Ext JS",
    "product": "extjs",
    "version": "4.1.0",
    "path": "extjs/4.1.0/demos/Ext.Msg.show.icon.1/",
    "categories": [
        {
            "label": "Ext JS"
        },
        {
            "label": "Ext JS 4.1.0"
        }
    ],
    "seeAlso": [],
    "author": {
        "name": "Sencha Inc.",
        "github": "extjs",
        "url": "http://sencha.com/",
        "senchadevs": ""
    },
    "files": [
        "app.js",
        "index.html"
    ]
}
