{
    "title": "QuickTips Example",
    "product": "extjs",
    "version": "4.0.7",
    "path": "extjs/4.0.7/examples/qtips/qtips/",
    "categories": [
        {
            "label": "Ext JS"
        },
        {
            "label": "Ext JS 4.0.7"
        }
    ],
    "seeAlso": [],
    "author": {
        "name": "Sencha Inc.",
        "github": "extjs",
        "url": "http://sencha.com/",
        "senchadevs": ""
    },
    "files": [
        "ajax-tip.html",
        "app.js",
        "index.html",
        "resources/css/app.css",
        "resources/images/house.jpg"
    ]
}
