{
    "title": "Map",
    "product": "touch",
    "version": "2.0.0",
    "path": "touch/2.0.0/examples/map/",
    "categories": [
        {
            "label": "Sencha Touch"
        },
        {
            "label": "Sencha Touch 2.0.0"
        }
    ],
    "seeAlso": [],
    "author": {
        "name": "Sencha Inc.",
        "github": "extjs",
        "url": "http://sencha.com/",
        "senchadevs": ""
    },
    "files": [
        "app.js",
        "app.json",
        "index.html",
        "lib/plugin/google/Tracker.js",
        "lib/plugin/google/Traffic.js",
        "resources/icons/icon.png",
        "resources/icons/icon@144.png",
        "resources/icons/icon@2x.png",
        "resources/icons/icon@72.png",
        "resources/images/point.png",
        "resources/images/shadow.png",
        "resources/loading/Default-LandscapeLeft~ipad.png",
        "resources/loading/Default-LandscapeRight~ipad.png",
        "resources/loading/Default-Landscape~ipad.png",
        "resources/loading/Default-PortraitUpsideDown~ipad.png",
        "resources/loading/Default-Portrait~ipad.png",
        "resources/loading/Default.png",
        "resources/loading/Default@2x.png",
        "resources/loading/Default~ipad.png",
        "resources/loading/Homescreen.jpg",
        "resources/loading/Homescreen~ipad.jpg",
        "resources/loading/iTunesArtwork.png"
    ]
}
