{
    "title": "Ext.panel.Panel Example",
    "product": "extjs",
    "version": "4.0.7",
    "path": "extjs/4.0.7/docs/Ext.panel.Panel.3/",
    "categories": [
        {
            "label": "Ext JS"
        },
        {
            "label": "Ext JS 4.0.7"
        }
    ],
    "seeAlso": [
        {
            "label": "Ext.panel.Panel Documentation",
            "url": "http://docs.sencha.com/ext-js/4-0/#!/api/Ext.panel.Panel",
            "type": "docs"
        },
        {
            "label": "Layouts and Containers Guide",
            "url": "http://docs.sencha.com/ext-js/4-0/#!/guide/layouts_and_containers",
            "type": "guide"
        }
    ],
    "author": {
        "name": "Sencha Inc.",
        "github": "extjs",
        "url": "http://sencha.com/",
        "senchadevs": ""
    },
    "files": [
        "app.js",
        "index.html"
    ]
}
