{
    "title": "Ext.form.field.Text Example",
    "product": "extjs",
    "version": "4.0.7",
    "path": "extjs/4.0.7/docs/Ext.form.field.Text.1/",
    "categories": [
        {
            "label": "Ext JS"
        },
        {
            "label": "Ext JS 4.0.7"
        }
    ],
    "tags": [
        {
            "label": "Ext.form.field.Text"
        },
        {
            "label": "Ext.form.Text"
        },
        {
            "label": "Ext.form.TextField"
        },
        {
            "label": "textfield"
        },
        {
            "label": "fieldLabel"
        },
        {
            "label": "allowBlank"
        },
        {
            "label": "vtype"
        },
        {
            "label": "email"
        },
        {
            "label": "form"
        },
        {
            "label": "field"
        }
    ],
    "seeAlso": [
        {
            "label": "Ext.form.field.Text Documentation",
            "url": "http://docs.sencha.com/ext-js/4-0/#!/api/Ext.form.field.Text",
            "type": "docs"
        },
        {
            "label": "The Form Package Guide",
            "url": "http://docs.sencha.com/ext-js/4-0/#!/guide/forms",
            "type": "guide"
        }
    ],
    "author": {
        "name": "Sencha Inc.",
        "github": "extjs",
        "url": "http://sencha.com/",
        "senchadevs": ""
    }
}
