{
    "title": "Reorderable Tabs",
    "product": "extjs",
    "version": "4.0.7",
    "path": "extjs/4.0.7/examples/tabs/reorderable-tabs/",
    "categories": [
        {
            "label": "Ext JS"
        },
        {
            "label": "Ext JS 4.0.7"
        }
    ],
    "seeAlso": [],
    "author": {
        "name": "Sencha Inc.",
        "github": "extjs",
        "url": "http://sencha.com/",
        "senchadevs": ""
    },
    "files": [
        "app.js",
        "index.html",
        "ux/BoxReorderer.js",
        "ux/TabReorderer.js"
    ]
}
