{
    "title": "Ext.Component Example",
    "product": "touch",
    "version": "2.0.1",
    "path": "touch/2.0.1/docs/Ext.Component.1/",
    "categories": [
        {
            "label": "Sencha Touch"
        },
        {
            "label": "Sencha Touch 2.0.1"
        }
    ],
    "seeAlso": [
        {
            "label": "Ext.Component Documentation",
            "url": "http://docs.sencha.com/touch/2-0/#!/api/Ext.Component",
            "type": "docs"
        },
        {
            "label": "Components Guide",
            "url": "http://docs.sencha.com/touch/2-0/#!/guide/components",
            "type": "guide"
        },
        {
            "label": "Events Guide",
            "url": "http://docs.sencha.com/touch/2-0/#!/guide/events",
            "type": "guide"
        }
    ],
    "author": {
        "name": "Sencha Inc.",
        "github": "extjs",
        "url": "http://sencha.com/",
        "senchadevs": ""
    },
    "files": [
        "app.js",
        "index.html"
    ]
}
