{
    "title": "Ext.chart.series.Gauge Example",
    "product": "extjs",
    "version": "4.1.0",
    "path": "extjs/4.1.0/docs/Ext.chart.series.Gauge.1/",
    "categories": [
        {
            "label": "Ext JS"
        },
        {
            "label": "Ext JS 4.1.0"
        }
    ],
    "seeAlso": [
        {
            "label": "Ext.chart.series.Gauge Documentation",
            "url": "http://docs.sencha.com/ext-js/4-1/#!/api/Ext.chart.series.Gauge",
            "type": "docs"
        },
        {
            "label": "Charting & Data Visualization in Ext JS 4 Video",
            "url": "http://docs.sencha.com/ext-js/4-1/#!/video/17673342",
            "type": "video"
        }
    ],
    "author": {
        "name": "Sencha Inc.",
        "github": "extjs",
        "url": "http://sencha.com/",
        "senchadevs": ""
    },
    "files": [
        "app.js",
        "index.html"
    ]
}
