{
    "title": "Ext.picker.Time Example",
    "product": "extjs",
    "version": "4.0.7",
    "path": "extjs/4.0.7/docs/Ext.picker.Time.1/",
    "categories": [
        {
            "label": "Ext JS"
        },
        {
            "label": "Ext JS 4.0.7"
        }
    ],
    "tags": [
        {
            "label": "Ext.picker.Time"
        },
        {
            "label": "timepicker"
        },
        {
            "label": "picker"
        },
        {
            "label": "minValue"
        },
        {
            "label": "maxValue"
        }
    ],
    "seeAlso": [
        {
            "label": "Ext.picker.Time Documentation",
            "url": "http://docs.sencha.com/ext-js/4-0/#!/api/Ext.picker.Time",
            "type": "docs"
        }
    ],
    "author": {
        "name": "Sencha Inc.",
        "github": "extjs",
        "url": "http://sencha.com/",
        "senchadevs": ""
    }
}
