{
    "title": "Bottom Tab Panel Examples",
    "product": "extjs",
    "version": "4.0.7",
    "path": "extjs/4.0.7/examples/tabs/bottom-tabs/",
    "categories": [
        {
            "label": "Ext JS"
        },
        {
            "label": "Ext JS 4.0.7"
        }
    ],
    "seeAlso": [],
    "author": {
        "name": "Sencha Inc.",
        "github": "extjs",
        "url": "http://sencha.com/",
        "senchadevs": ""
    },
    "files": [
        "ajax1.html",
        "ajax2.html",
        "app.js",
        "index.html",
        "resources/css/app.css"
    ]
}
