{
    "title": "Loading/Saving a Dynamic Form using XML",
    "product": "extjs",
    "version": "4.0.7",
    "path": "extjs/4.0.7/examples/form/xml-form/",
    "categories": [
        {
            "label": "Ext JS"
        },
        {
            "label": "Ext JS 4.0.7"
        }
    ],
    "seeAlso": [],
    "author": {
        "name": "Sencha Inc.",
        "github": "extjs",
        "url": "http://sencha.com/",
        "senchadevs": ""
    },
    "files": [
        "app.js",
        "index.html",
        "shared/states.js",
        "xml-form-data.xml",
        "xml-form-errors.xml"
    ]
}
