{
    "title": "Ext.button.Split Example",
    "product": "extjs",
    "version": "4.1.0",
    "path": "extjs/4.1.0/docs/Ext.button.Split.1/",
    "categories": [
        {
            "label": "Ext JS"
        },
        {
            "label": "Ext JS 4.1.0"
        }
    ],
    "tags": [
        {
            "label": "Ext.button.Split"
        }
    ],
    "seeAlso": [
        {
            "label": "Ext.button.Split Documentation",
            "url": "http://docs.sencha.com/ext-js/4-1/#!/api/Ext.button.Split",
            "type": "docs"
        }
    ],
    "author": {
        "name": "Sencha Inc.",
        "github": "extjs",
        "url": "http://sencha.com/",
        "senchadevs": ""
    }
}
