{
    "title": "Remote Summary Grid Example Example",
    "product": "extjs",
    "version": "4.0.7",
    "path": "extjs/4.0.7/examples/grid/remote-group-summary-grid/",
    "categories": [
        {
            "label": "Ext JS"
        },
        {
            "label": "Ext JS 4.0.7"
        }
    ],
    "seeAlso": [],
    "author": {
        "name": "Sencha Inc.",
        "github": "extjs",
        "url": "http://sencha.com/",
        "senchadevs": ""
    },
    "files": [
        "app.js",
        "index.html",
        "resources/css/app.css",
        "ux/ajax/JsonSimlet.js",
        "ux/ajax/SimManager.js",
        "ux/ajax/SimXhr.js",
        "ux/ajax/Simlet.js"
    ]
}
