{
    "title": "Bar Renderer",
    "product": "extjs",
    "version": "4.0.7",
    "path": "extjs/4.0.7/examples/charts/barrenderer/",
    "categories": [
        {
            "label": "Ext JS"
        },
        {
            "label": "Ext JS 4.0.7"
        }
    ],
    "seeAlso": [
        {
            "label": "Ext.chart.Chart Documentation",
            "url": "http://docs.sencha.com/ext-js/4-0/#!/api/Ext.chart.Chart",
            "type": "docs"
        },
        {
            "label": "Ext.chart.series.Bar Documentation",
            "url": "http://docs.sencha.com/ext-js/4-0/#!/api/Ext.chart.series.Bar",
            "type": "docs"
        },
        {
            "label": "Ext.chart.axis Numeric Documentation",
            "url": "http://docs.sencha.com/ext-js/4-0/#!/api/Ext.chart.axis.Numeric",
            "type": "docs"
        },
        {
            "label": "Ext.chart.axis.Category Documentation",
            "url": "http://docs.sencha.com/ext-js/4-0/#!/api/Ext.chart.axis.Category",
            "type": "docs"
        },
        {
            "label": "Drawing and Charting Guide",
            "url": "http://docs.sencha.com/ext-js/4-0/#!/guide/drawing_and_charting",
            "type": "guide"
        }
    ],
    "author": {
        "name": "Sencha Inc.",
        "github": "extjs",
        "url": "http://sencha.com/",
        "senchadevs": ""
    },
    "files": [
        "app.js",
        "index.html",
        "resources/example-data.js"
    ]
}
