{
    "title": "Ext.window.MessageBox Example",
    "product": "extjs",
    "version": "4.0.7",
    "path": "extjs/4.0.7/docs/Ext.window.MessageBox.1/",
    "categories": [
        {
            "label": "Ext JS"
        },
        {
            "label": "Ext JS 4.0.7"
        }
    ],
    "tags": [
        {
            "label": "Ext.window.MessageBox"
        },
        {
            "label": "messagebox"
        },
        {
            "label": "window"
        },
        {
            "label": "alert()"
        }
    ],
    "seeAlso": [
        {
            "label": "Ext.window.MessageBox Documentation",
            "url": "http://docs.sencha.com/ext-js/4-0/#!/api/Ext.window.MessageBox",
            "type": "docs"
        }
    ],
    "author": {
        "name": "Sencha Inc.",
        "github": "extjs",
        "url": "http://sencha.com/",
        "senchadevs": ""
    }
}
