{
    "title": "Kiva",
    "product": "touch",
    "version": "2.0.0",
    "path": "touch/2.0.0/examples/kiva/",
    "categories": [
        {
            "label": "Sencha Touch"
        },
        {
            "label": "Sencha Touch 2.0.0"
        }
    ],
    "seeAlso": [],
    "author": {
        "name": "Sencha Inc.",
        "github": "extjs",
        "url": "http://sencha.com/",
        "senchadevs": ""
    },
    "files": [
        "app.js",
        "app.json",
        "app/controller/Loans.js",
        "app/model/Loan.js",
        "app/store/Loans.js",
        "app/view/Detail.js",
        "app/view/LoanFilter.js",
        "app/view/LoansList.js",
        "app/view/LoansListItem.js",
        "app/view/LoansListItemCompletion.js",
        "app/view/Main.js",
        "app/view/detail/Information.js",
        "app/view/detail/Map.js",
        "app/view/detail/Schedule.js",
        "index.html",
        "lib/KivaProxy.js",
        "resources/css/app.css",
        "resources/icons/icon.png",
        "resources/images/kiva_logo_hiRez.png",
        "resources/images/loading.gif",
        "resources/loading/Default-LandscapeLeft~ipad.png",
        "resources/loading/Default-LandscapeRight~ipad.png",
        "resources/loading/Default-Landscape~ipad.png",
        "resources/loading/Default-PortraitUpsideDown~ipad.png",
        "resources/loading/Default-Portrait~ipad.png",
        "resources/loading/Default.png",
        "resources/loading/Default@2x.png",
        "resources/loading/Default~ipad.png",
        "resources/loading/Homescreen.jpg",
        "resources/loading/Homescreen~ipad.jpg",
        "resources/loading/iTunesArtwork.png"
    ]
}
