{
    "title": "MessageBox Dialogs",
    "product": "extjs",
    "version": "4.0.7",
    "path": "extjs/4.0.7/examples/message-box/msg-box/",
    "categories": [
        {
            "label": "Ext JS"
        },
        {
            "label": "Ext JS 4.0.7"
        }
    ],
    "seeAlso": [],
    "author": {
        "name": "Sencha Inc.",
        "github": "extjs",
        "url": "http://sencha.com/",
        "senchadevs": ""
    },
    "files": [
        "app.js",
        "examples.js",
        "index.html",
        "resources/css/app.css",
        "resources/css/images/comment-bg.gif",
        "resources/css/images/comment.gif",
        "resources/css/images/download.gif",
        "resources/css/images/warning.gif"
    ]
}
