{
    "title": "Ext.chart.axis.Numeric Example",
    "product": "extjs",
    "version": "4.0.7",
    "path": "extjs/4.0.7/docs/Ext.chart.axis.Numeric.1/",
    "categories": [
        {
            "label": "Ext JS"
        },
        {
            "label": "Ext JS 4.0.7"
        }
    ],
    "tags": [
        {
            "label": "Ext.chart.axis.Numeric"
        },
        {
            "label": "Ext.chart.NumericAxis"
        },
        {
            "label": "numeric"
        },
        {
            "label": "axes"
        },
        {
            "label": "position"
        },
        {
            "label": "fields"
        },
        {
            "label": "title"
        },
        {
            "label": "grid"
        },
        {
            "label": "minimum"
        },
        {
            "label": "adjustMinimumByMajorUnit"
        },
        {
            "label": "chart"
        },
        {
            "label": "axis"
        }
    ],
    "seeAlso": [
        {
            "label": "Ext.chart.axis.Numeric Documentation",
            "url": "http://docs.sencha.com/ext-js/4-0/#!/api/Ext.chart.axis.Numeric",
            "type": "docs"
        },
        {
            "label": "Drawing and Charting Guide",
            "url": "http://docs.sencha.com/ext-js/4-0/#!/guide/drawing_and_charting",
            "type": "guide"
        }
    ],
    "author": {
        "name": "Sencha Inc.",
        "github": "extjs",
        "url": "http://sencha.com/",
        "senchadevs": ""
    }
}
