{
    "title": "Building your First App",
    "product": "touch",
    "version": "2.0.0",
    "path": "touch/2.0.0/guides/first_app.1/",
    "categories": [
        {
            "label": "Sencha Touch"
        },
        {
            "label": "Sencha Touch 2.0.0"
        }
    ],
    "seeAlso": [],
    "author": {
        "name": "Sencha Inc.",
        "github": "extjs",
        "url": "http://sencha.com/",
        "senchadevs": ""
    },
    "files": [
        "app.js",
        "index.html"
    ]
}
