{
    "title": "Ext.form.field.Number Example",
    "product": "extjs",
    "version": "4.0.7",
    "path": "extjs/4.0.7/docs/Ext.form.field.Number.2/",
    "categories": [
        {
            "label": "Ext JS"
        },
        {
            "label": "Ext JS 4.0.7"
        }
    ],
    "tags": [
        {
            "label": "Ext.form.field.Number"
        },
        {
            "label": "Ext.form.Number"
        },
        {
            "label": "Ext.form.NumberField"
        },
        {
            "label": "numberfield"
        },
        {
            "label": "minValue"
        },
        {
            "label": "hideTrigger"
        },
        {
            "label": "keyNavEnabled"
        },
        {
            "label": "mouseWheelEnabled"
        },
        {
            "label": "form"
        },
        {
            "label": "field"
        }
    ],
    "seeAlso": [
        {
            "label": "Ext.form.field.Number Documentation",
            "url": "http://docs.sencha.com/ext-js/4-0/#!/api/Ext.form.field.Number",
            "type": "docs"
        },
        {
            "label": "The Form Package Guide",
            "url": "http://docs.sencha.com/ext-js/4-0/#!/guide/forms",
            "type": "guide"
        }
    ],
    "author": {
        "name": "Sencha Inc.",
        "github": "extjs",
        "url": "http://sencha.com/",
        "senchadevs": ""
    }
}
