{
    "title": "Ext.fx.Animator Example",
    "product": "extjs",
    "version": "4.0.7",
    "path": "extjs/4.0.7/docs/Ext.fx.Animator.1/",
    "categories": [
        {
            "label": "Ext JS"
        },
        {
            "label": "Ext JS 4.0.7"
        }
    ],
    "tags": [
        {
            "label": "Ext.fx.Animator"
        },
        {
            "label": "target"
        },
        {
            "label": "duration"
        },
        {
            "label": "keyframes"
        },
        {
            "label": "fx"
        }
    ],
    "seeAlso": [
        {
            "label": "Ext.fx.Animator Documentation",
            "url": "http://docs.sencha.com/ext-js/4-0/#!/api/Ext.fx.Animator",
            "type": "docs"
        }
    ],
    "author": {
        "name": "Sencha Inc.",
        "github": "extjs",
        "url": "http://sencha.com/",
        "senchadevs": ""
    }
}
