{
    "title": "Ext.menu.ColorPicker Example",
    "product": "extjs",
    "version": "4.0.7",
    "path": "extjs/4.0.7/docs/Ext.menu.ColorPicker.1/",
    "categories": [
        {
            "label": "Ext JS"
        },
        {
            "label": "Ext JS 4.0.7"
        }
    ],
    "tags": [
        {
            "label": "Ext.menu.ColorPicker"
        },
        {
            "label": "colormenu"
        },
        {
            "label": "menu"
        }
    ],
    "seeAlso": [
        {
            "label": "Ext.menu.ColorPicker Documentation",
            "url": "http://docs.sencha.com/ext-js/4-0/#!/api/Ext.menu.ColorPicker",
            "type": "docs"
        }
    ],
    "author": {
        "name": "Sencha Inc.",
        "github": "extjs",
        "url": "http://sencha.com/",
        "senchadevs": ""
    }
}
