{
    "title": "Sencha Jog",
    "product": "touch",
    "version": "2.0.0",
    "path": "touch/2.0.0/examples/jog-with-friends/",
    "categories": [
        {
            "label": "Sencha Touch"
        },
        {
            "label": "Sencha Touch 2.0.0"
        }
    ],
    "seeAlso": [],
    "author": {
        "name": "Sencha Inc.",
        "github": "extjs",
        "url": "http://sencha.com/",
        "senchadevs": ""
    },
    "files": [
        "all-classes.js",
        "app-all.js",
        "app.js",
        "app.jsb3",
        "app/controller/Facebook.js",
        "app/controller/Runs.js",
        "app/model/Run.js",
        "app/store/Runs.js",
        "app/view/Form.js",
        "app/view/Login.js",
        "app/view/Main.js",
        "app/view/NoFriends.js",
        "app/view/run/List.js",
        "index.html",
        "resources/css/jogwithfriends.css",
        "resources/css/runwithfriends.css",
        "resources/css/style.css",
        "resources/images/add.png",
        "resources/images/bg.jpg",
        "resources/images/header.png",
        "resources/images/icon-114.png",
        "resources/images/icon-72.png",
        "resources/images/icon.png",
        "resources/images/icon.psd",
        "resources/images/loc.png",
        "resources/images/login.png",
        "resources/images/logout.png",
        "resources/images/no-friends.png",
        "resources/images/noise_bg.png",
        "resources/images/phone_startup.png",
        "resources/images/splash.jpg",
        "resources/images/splashimg.png",
        "server-side/Procfile",
        "server-side/app.js",
        "server-side/package.json",
        "server-side/public/index.html"
    ]
}
