{
    "title": "Ext Component Loading",
    "product": "extjs",
    "version": "4.0.7",
    "path": "extjs/4.0.7/examples/component-loader/component-loader/",
    "categories": [
        {
            "label": "Ext JS"
        },
        {
            "label": "Ext JS 4.0.7"
        }
    ],
    "seeAlso": [],
    "author": {
        "name": "Sencha Inc.",
        "github": "extjs",
        "url": "http://sencha.com/",
        "senchadevs": ""
    },
    "files": [
        "app.js",
        "boxes.php",
        "content.html",
        "data.json",
        "index.html"
    ]
}
