{
    "title": "Ext.chart.series.Line Example",
    "product": "extjs",
    "version": "4.0.7",
    "path": "extjs/4.0.7/docs/Ext.chart.series.Line.1/",
    "categories": [
        {
            "label": "Ext JS"
        },
        {
            "label": "Ext JS 4.0.7"
        }
    ],
    "tags": [
        {
            "label": "Ext.chart.series.Line"
        },
        {
            "label": "Ext.chart.LineChart"
        },
        {
            "label": "Ext.chart.LineSeries"
        },
        {
            "label": "line"
        },
        {
            "label": "highlight"
        },
        {
            "label": "axis"
        },
        {
            "label": "xField"
        },
        {
            "label": "yField"
        },
        {
            "label": "markerConfig"
        },
        {
            "label": "fill"
        },
        {
            "label": "chart"
        },
        {
            "label": "series"
        }
    ],
    "seeAlso": [
        {
            "label": "Ext.chart.series.Line Documentation",
            "url": "http://docs.sencha.com/ext-js/4-0/#!/api/Ext.chart.series.Line",
            "type": "docs"
        },
        {
            "label": "Drawing and Charting Guide",
            "url": "http://docs.sencha.com/ext-js/4-0/#!/guide/drawing_and_charting",
            "type": "guide"
        }
    ],
    "author": {
        "name": "Sencha Inc.",
        "github": "extjs",
        "url": "http://sencha.com/",
        "senchadevs": ""
    }
}
