{
    "title": "Organizing Images into Albums",
    "product": "extjs",
    "version": "4.0.7",
    "path": "extjs/4.0.7/examples/organizer/organizer/",
    "categories": [
        {
            "label": "Ext JS"
        },
        {
            "label": "Ext JS 4.0.7"
        }
    ],
    "seeAlso": [],
    "author": {
        "name": "Sencha Inc.",
        "github": "extjs",
        "url": "http://sencha.com/",
        "senchadevs": ""
    },
    "files": [
        "AlbumTree.js",
        "ImageView.js",
        "OrgPanel.js",
        "app.js",
        "index.html",
        "resources/css/app.css",
        "resources/css/images/album.gif",
        "resources/css/images/loading.gif",
        "ux/DataView/Animated.js",
        "ux/DataView/DragSelector.css",
        "ux/DataView/DragSelector.js",
        "ux/DataView/Draggable.js",
        "ux/DataView/LabelEditor.js"
    ]
}
