{
    "title": "Ext.view.View Example",
    "product": "extjs",
    "version": "4.1.1",
    "path": "extjs/4.1.1/docs/Ext.view.View.1/",
    "categories": [
        {
            "label": "Ext JS"
        },
        {
            "label": "Ext JS 4.1.1"
        }
    ],
    "seeAlso": [
        {
            "label": "Ext.view.View Documentation",
            "url": "http://docs.sencha.com/ext-js/4-1/#!/api/Ext.view.View",
            "type": "api"
        }
    ],
    "author": {
        "name": "Sencha Inc.",
        "github": "extjs",
        "url": "http://sencha.com/",
        "senchadevs": ""
    },
    "files": [
        "app.js",
        "index.html"
    ]
}