{
    "title": "Ext.Panel Example",
    "product": "touch",
    "version": "2.0.0",
    "path": "touch/2.0.0/docs/Ext.Panel.1/",
    "categories": [
        {
            "label": "Sencha Touch"
        },
        {
            "label": "Sencha Touch 2.0.0"
        }
    ],
    "tags": [
        {
            "label": "Ext.Panel"
        },
        {
            "label": "Ext.lib.Panel"
        },
        {
            "label": "panel"
        },
        {
            "label": "showBy()"
        }
    ],
    "seeAlso": [
        {
            "label": "Ext.Panel Documentation",
            "url": "http://docs.sencha.com/touch/2-0/#!/api/Ext.Panel",
            "type": "docs"
        },
        {
            "label": "Floating Components Guide",
            "url": "http://docs.sencha.com/touch/2-0/#!/guide/floating_components",
            "type": "guide"
        }
    ],
    "author": {
        "name": "Sencha Inc.",
        "github": "extjs",
        "url": "http://sencha.com/",
        "senchadevs": ""
    }
}
