{
    "title": "Ext.panel.Panel Example",
    "product": "extjs",
    "version": "4.1.1",
    "path": "extjs/4.1.1/docs/Ext.panel.Panel.3/",
    "categories": [
        {
            "label": "Ext JS"
        },
        {
            "label": "Ext JS 4.1.1"
        }
    ],
    "seeAlso": [
        {
            "label": "Ext.panel.Panel Documentation",
            "url": "http://docs.sencha.com/ext-js/4-1/#!/api/Ext.panel.Panel",
            "type": "api"
        }
    ],
    "author": {
        "name": "Sencha Inc.",
        "github": "extjs",
        "url": "http://sencha.com/"
    },
    "files": [
        "app.js",
        "index.html"
    ]
}
