{
    "title": "Live Search Grid Example",
    "product": "extjs",
    "version": "4.0.7",
    "path": "extjs/4.0.7/examples/grid/live-search-grid/",
    "categories": [
        {
            "label": "Ext JS"
        },
        {
            "label": "Ext JS 4.0.7"
        }
    ],
    "seeAlso": [],
    "author": {
        "name": "Sencha Inc.",
        "github": "extjs",
        "url": "http://sencha.com/",
        "senchadevs": ""
    },
    "files": [
        "app.js",
        "index.html",
        "resources/css/app.css",
        "ux/LiveSearchGridPanel.js",
        "ux/css/LiveSearchGridPanel.css",
        "ux/statusbar/StatusBar.js",
        "ux/statusbar/css/statusbar.css"
    ]
}
