{
    "title": "Ext.dataview.IndexBar Example",
    "product": "touch",
    "version": "2.0.0",
    "path": "touch/2.0.0/docs/Ext.dataview.IndexBar.1/",
    "categories": [
        {
            "label": "Sencha Touch"
        },
        {
            "label": "Sencha Touch 2.0.0"
        }
    ],
    "tags": [
        {
            "label": "Ext.dataview.IndexBar"
        },
        {
            "label": "Ext.IndexBar"
        },
        {
            "label": "indexBar"
        },
        {
            "label": "itemTpl"
        },
        {
            "label": "grouped"
        }
    ],
    "seeAlso": [
        {
            "label": "Ext.dataview.IndexBar Documentation",
            "url": "http://docs.sencha.com/touch/2-0/#!/api/Ext.dataview.IndexBar",
            "type": "docs"
        }
    ],
    "author": {
        "name": "Sencha Inc.",
        "github": "extjs",
        "url": "http://sencha.com/",
        "senchadevs": ""
    }
}
