{
    "title": "Drawing and Charting Example",
    "product": "extjs",
    "version": "4.0.7",
    "path": "extjs/4.0.7/guides/drawing_and_charting.2/",
    "categories": [
        {
            "label": "Ext JS"
        },
        {
            "label": "Ext JS 4.0.7"
        }
    ],
    "seeAlso": [
        {
            "label": "Drawing and Charting Guide",
            "url": "http://docs.sencha.com/ext-js/4-0/#!/guide/drawing_and_charting",
            "type": "guide"
        },
        {
            "label": "Ext.draw.Component Documentation",
            "url": "http://docs.sencha.com/ext-js/4-0/#!/api/Ext.draw.Component",
            "type": "docs"
        }
    ],
    "author": {
        "name": "Sencha Inc.",
        "github": "extjs",
        "url": "http://sencha.com/",
        "senchadevs": ""
    },
    "files": [
        "app.js",
        "index.html"
    ]
}
