{
    "title": "Ext.form.Panel Example",
    "product": "touch",
    "version": "2.0.0",
    "path": "touch/2.0.0/docs/Ext.form.Panel.1/",
    "categories": [
        {
            "label": "Sencha Touch"
        },
        {
            "label": "Sencha Touch 2.0.0"
        }
    ],
    "tags": [
        {
            "label": "Ext.form.Panel"
        },
        {
            "label": "Ext.form.FormPanel"
        },
        {
            "label": "formpanel"
        },
        {
            "label": "form"
        }
    ],
    "seeAlso": [
        {
            "label": "Ext.form.Panel Documentation",
            "url": "http://docs.sencha.com/touch/2-0/#!/api/Ext.form.Panel",
            "type": "docs"
        },
        {
            "label": "Using Forms Guide",
            "url": "http://docs.sencha.com/touch/2-0/#!/guide/forms",
            "type": "guide"
        }
    ],
    "author": {
        "name": "Sencha Inc.",
        "github": "extjs",
        "url": "http://sencha.com/",
        "senchadevs": ""
    }
}
