{
    "title": "Ext.tip.QuickTipManager Example",
    "product": "extjs",
    "version": "4.0.7",
    "path": "extjs/4.0.7/docs/Ext.tip.QuickTipManager.1/",
    "categories": [
        {
            "label": "Ext JS"
        },
        {
            "label": "Ext JS 4.0.7"
        }
    ],
    "tags": [
        {
            "label": "Ext.tip.QuickTipManager"
        },
        {
            "label": "tip"
        },
        {
            "label": "init()"
        },
        {
            "label": "getQuickTip()"
        },
        {
            "label": "minWidth"
        },
        {
            "label": "maxWidth"
        },
        {
            "label": "showDelay"
        },
        {
            "label": "register()"
        },
        {
            "label": "dismissDelay"
        }
    ],
    "seeAlso": [
        {
            "label": "Ext.tip.QuickTipManager Documentation",
            "url": "http://docs.sencha.com/ext-js/4-0/#!/api/Ext.tip.QuickTipManager",
            "type": "docs"
        }
    ],
    "author": {
        "name": "Sencha Inc.",
        "github": "extjs",
        "url": "http://sencha.com/",
        "senchadevs": ""
    }
}
