{
    "title": "Determining when a user clicks the Ext.Img component in Sencha Touch 2",
    "product": "touch",
    "version": "2.0.1",
    "path": "touch/2.0.1/demos/Ext.Img.listeners.tap/",
    "categories": [
        {
            "label": "Sencha Touch"
        },
        {
            "label": "Sencha Touch 2.0.1"
        }
    ],
    "tags": [],
    "seeAlso": [],
    "author": {
        "name": "Sencha Inc.",
        "github": "extjs",
        "url": "http://sencha.com/",
        "senchadevs": ""
    }
}
