{
    "title": "Minesweeper",
    "product": "extjs",
    "version": "4.1.1",
    "path": "extjs/4.1.1/community/minesweeper/",
    "categories": [
        {
            "label": "Ext JS"
        },
        {
            "label": "Ext JS 4.1.1"
        }
    ],
    "seeAlso": [
        {
            "label": "Minesweeper on GitHub",
            "url": "https://github.com/manduks/Buscaminas",
            "type": "github"
        }
    ],
    "author": {
        "name": "manduks",
        "github": "manduks",
        "url": "http://www.armando.mx/",
        "senchadevs": ""
    },
    "files": [
        "app/view/GridPanel.js",
        "app.js",
        "index.html",
        "resources/css/app.css",
        "resources/images/btn.png",
        "resources/images/btnblue.png",
        "resources/images/flag.png",
        "resources/images/mine.png"
    ]
}
