{
    "title": "Animations",
    "product": "touch",
    "version": "2.0.1",
    "path": "touch/2.0.1/community/animations/",
    "categories": [
        {
            "label": "Sencha Touch"
        },
        {
            "label": "Sencha Touch 2.0.1"
        }
    ],
    "seeAlso": [
        {
            "label": "Animations Example on GitHub",
            "url": "https://github.com/brunotavares/SenchaExamples/tree/master/touch/animations",
            "type": "github"
        }
    ],
    "author": {
        "name": "Bruno Tavares",
        "github": "brunotavares",
        "url": "http://bruno.tavares.me/",
        "senchadevs": ""
    },
    "files": [
        "app.js",
        "index.html"
    ]
}
