{
    "title": "Ext.toolbar.Toolbar Example",
    "product": "extjs",
    "version": "4.0.7",
    "path": "extjs/4.0.7/docs/Ext.toolbar.Toolbar.2/",
    "categories": [
        {
            "label": "Ext JS"
        },
        {
            "label": "Ext JS 4.0.7"
        }
    ],
    "seeAlso": [
        {
            "label": "Ext.toolbar.Toolbar Documentation",
            "url": "http://docs.sencha.com/ext-js/4-0/#!/api/Ext.toolbar.Toolbar",
            "type": "docs"
        }
    ],
    "author": {
        "name": "Sencha Inc.",
        "github": "extjs",
        "url": "http://sencha.com/",
        "senchadevs": ""
    },
    "files": [
        "app.js",
        "index.html"
    ]
}
