{
    "title": "Ext.layout.container.Card Example",
    "product": "extjs",
    "version": "4.0.7",
    "path": "extjs/4.0.7/docs/Ext.layout.container.Card.1/",
    "categories": [
        {
            "label": "Ext JS"
        },
        {
            "label": "Ext JS 4.0.7"
        }
    ],
    "tags": [
        {
            "label": "Ext.layout.container.Card"
        },
        {
            "label": "Ext.layout.CardLayout"
        },
        {
            "label": "card"
        },
        {
            "label": "layout"
        },
        {
            "label": "container"
        }
    ],
    "seeAlso": [
        {
            "label": "Ext.layout.container.Card Documentation",
            "url": "http://docs.sencha.com/ext-js/4-0/#!/api/Ext.layout.container.Card",
            "type": "docs"
        },
        {
            "label": "Layouts and Containers Guide",
            "url": "http://docs.sencha.com/ext-js/4-0/#!/guide/layouts_and_containers",
            "type": "guide"
        }
    ],
    "author": {
        "name": "Sencha Inc.",
        "github": "extjs",
        "url": "http://sencha.com/",
        "senchadevs": ""
    }
}
