{
    "title": "Ext.layout.VBox Example",
    "product": "touch",
    "version": "2.0.0",
    "path": "touch/2.0.0/docs/Ext.layout.VBox.1/",
    "categories": [
        {
            "label": "Sencha Touch"
        },
        {
            "label": "Sencha Touch 2.0.0"
        }
    ],
    "tags": [
        {
            "label": "Ext.layout.VBox"
        },
        {
            "label": "Ext.layout.VBoxLayout"
        },
        {
            "label": "vbox"
        },
        {
            "label": "layout"
        },
        {
            "label": "flex"
        }
    ],
    "seeAlso": [
        {
            "label": "Ext.layout.VBox Documentation",
            "url": "http://docs.sencha.com/touch/2-0/#!/api/Ext.layout.VBox",
            "type": "docs"
        },
        {
            "label": "Layouts Guide",
            "url": "http://docs.sencha.com/touch/2-0/#!/guide/layouts",
            "type": "guide"
        },
        {
            "label": "Intro to Layouts Guide",
            "url": "http://docs.sencha.com/touch/2-0/#!/video/layouts",
            "type": "video"
        }
    ],
    "author": {
        "name": "Sencha Inc.",
        "github": "extjs",
        "url": "http://sencha.com/",
        "senchadevs": ""
    }
}
