{
    "title": "Getting the selected item value for an Ext.field.Radio control in Sencha Touch 2",
    "product": "touch",
    "version": "2.0.1",
    "path": "touch/2.0.1/demos/Ext.field.Radio.getGroupValue.2/",
    "categories": [
        {
            "label": "Sencha Touch"
        },
        {
            "label": "Sencha Touch 2.0.1"
        }
    ],
    "seeAlso": [],
    "author": {
        "name": "Sencha Inc.",
        "github": "extjs",
        "url": "http://sencha.com/",
        "senchadevs": ""
    },
    "files": [
        "app.js",
        "index.html"
    ]
}
