{
    "title": "O'Reilly",
    "product": "touch",
    "version": "2.0.0",
    "path": "touch/2.0.0/examples/oreilly/",
    "categories": [
        {
            "label": "Sencha Touch"
        },
        {
            "label": "Sencha Touch 2.0.0"
        }
    ],
    "seeAlso": [],
    "author": {
        "name": "Sencha Inc.",
        "github": "extjs",
        "url": "http://sencha.com/",
        "senchadevs": ""
    },
    "files": [
        "app.js",
        "app.json",
        "app/controller/About.js",
        "app/controller/Sessions.js",
        "app/controller/Speakers.js",
        "app/controller/Tweets.js",
        "app/model/Session.js",
        "app/model/Speaker.js",
        "app/store/SessionSpeakers.js",
        "app/store/Sessions.js",
        "app/store/SpeakerSessions.js",
        "app/store/Speakers.js",
        "app/store/Tweets.js",
        "app/store/Videos.js",
        "app/util/Proxy.js",
        "app/view/Location.js",
        "app/view/Main.js",
        "app/view/Tweets.js",
        "app/view/about/Card.js",
        "app/view/about/HtmlPage.js",
        "app/view/about/List.js",
        "app/view/about/VideoList.js",
        "app/view/session/Card.js",
        "app/view/session/Detail.js",
        "app/view/session/Info.js",
        "app/view/session/List.js",
        "app/view/speaker/Card.js",
        "app/view/speaker/Detail.js",
        "app/view/speaker/Info.js",
        "app/view/speaker/List.js",
        "app/view/tab/Location.js",
        "data/about.html",
        "data/credits.html",
        "data/feed.js",
        "data/sponsors.html",
        "index.html",
        "resources/css/app.css",
        "resources/icons/icon.png",
        "resources/icons/icon@2x.png",
        "resources/icons/icon@72.png",
        "resources/images/sencha.png",
        "resources/loading/Default-LandscapeLeft~ipad.png",
        "resources/loading/Default-LandscapeRight~ipad.png",
        "resources/loading/Default-Landscape~ipad.png",
        "resources/loading/Default-PortraitUpsideDown~ipad.png",
        "resources/loading/Default-Portrait~ipad.png",
        "resources/loading/Default.png",
        "resources/loading/Default@2x.png",
        "resources/loading/Default~ipad.png",
        "resources/loading/iTunesArtwork.png"
    ]
}
