{
    "title": "Ext.chart.series.Gauge Example",
    "product": "extjs",
    "version": "4.0.7",
    "path": "extjs/4.0.7/docs/Ext.chart.series.Gauge.1/",
    "categories": [
        {
            "label": "Ext JS"
        },
        {
            "label": "Ext JS 4.0.7"
        }
    ],
    "tags": [
        {
            "label": "Ext.chart.series.Gauge"
        },
        {
            "label": "gauge"
        },
        {
            "label": "field"
        },
        {
            "label": "donut"
        },
        {
            "label": "colorSet"
        },
        {
            "label": "chart"
        },
        {
            "label": "series"
        }
    ],
    "seeAlso": [
        {
            "label": "Ext.chart.series.Gauge Documentation",
            "url": "http://docs.sencha.com/ext-js/4-0/#!/api/Ext.chart.series.Gauge",
            "type": "docs"
        },
        {
            "label": "Drawing and Charting Guide",
            "url": "http://docs.sencha.com/ext-js/4-0/#!/guide/drawing_and_charting",
            "type": "guide"
        }
    ],
    "author": {
        "name": "Sencha Inc.",
        "github": "extjs",
        "url": "http://sencha.com/",
        "senchadevs": ""
    }
}
