{
    "title": "Ext Buttons",
    "product": "extjs",
    "version": "4.0.7",
    "path": "extjs/4.0.7/examples/button/",
    "categories": [
        {
            "label": "Ext JS"
        },
        {
            "label": "Ext JS 4.0.7"
        }
    ],
    "seeAlso": [
        {
            "label": "Ext.button.Button Documentation",
            "url": "http://docs.sencha.com/ext-js/4-0/#!/api/Ext.button.Button",
            "type": "docs"
        }
    ],
    "author": {
        "name": "Sencha Inc.",
        "github": "extjs",
        "url": "http://sencha.com/",
        "senchadevs": ""
    },
    "files": [
        "app.js",
        "index.html",
        "resources/css/app.css",
        "resources/images/add.gif",
        "resources/images/add16.gif",
        "resources/images/add24.gif"
    ]
}
