{
    "title": "Ext JS 3 Desktop + Ext JS 4 Charts",
    "product": "extjs",
    "version": "4.0.7",
    "path": "extjs/4.0.7/examples/sandbox/sandbox/",
    "categories": [
        {
            "label": "Ext JS"
        },
        {
            "label": "Ext JS 4.0.7"
        }
    ],
    "seeAlso": [],
    "author": {
        "name": "Sencha Inc.",
        "github": "extjs",
        "url": "http://sencha.com/",
        "senchadevs": ""
    },
    "files": [
        "app.js",
        "credits.txt",
        "desktop.html",
        "index.html",
        "js/App.js",
        "js/Desktop.js",
        "js/Module.js",
        "js/StartMenu.js",
        "js/TaskBar.js",
        "resources/css/app.css",
        "resources/icons/add.gif",
        "resources/icons/connect.gif",
        "resources/icons/delete.gif",
        "resources/icons/plugin.gif",
        "resources/icons/user.gif",
        "resources/icons/user_add.gif",
        "resources/icons/user_delete.gif",
        "resources/icons/user_female.gif",
        "resources/icons/user_green.gif",
        "resources/icons/user_suit.gif",
        "resources/images/accordian.gif",
        "resources/images/bogus.png",
        "resources/images/chart48x48.png",
        "resources/images/desktop.gif",
        "resources/images/desktop3.jpg",
        "resources/images/gears.gif",
        "resources/images/gears.png",
        "resources/images/grid.png",
        "resources/images/grid32x32.gif",
        "resources/images/grid48x48.gif",
        "resources/images/grid48x48.png",
        "resources/images/hatch.gif",
        "resources/images/hd-bg.gif",
        "resources/images/hd-tb-bg.gif",
        "resources/images/icon_padlock.png",
        "resources/images/icons-bg.png",
        "resources/images/im32x32.gif",
        "resources/images/im48x48.gif",
        "resources/images/im48x48.png",
        "resources/images/launcher-bg.gif",
        "resources/images/launcher-btn.gif",
        "resources/images/logout.gif",
        "resources/images/logout.png",
        "resources/images/member.gif",
        "resources/images/member.png",
        "resources/images/powered.gif",
        "resources/images/powered.png",
        "resources/images/s.gif",
        "resources/images/tabs.gif",
        "resources/images/taskbar/black/item-over.gif",
        "resources/images/taskbar/black/scroll-left.gif",
        "resources/images/taskbar/black/scroll-right.gif",
        "resources/images/taskbar/black/start-menu-left-corners.png",
        "resources/images/taskbar/black/start-menu-left-right.png",
        "resources/images/taskbar/black/start-menu-right-corners.png",
        "resources/images/taskbar/black/start-menu-right.png",
        "resources/images/taskbar/black/start-menu-top-bottom.png",
        "resources/images/taskbar/black/startbutton-icon.gif",
        "resources/images/taskbar/black/startbutton.gif",
        "resources/images/taskbar/black/taskbar-split-h.gif",
        "resources/images/taskbar/black/taskbar-start-panel-bg.gif",
        "resources/images/taskbar/black/taskbutton.gif",
        "resources/images/taskbar/black/taskbuttons-panel-bg.gif",
        "resources/images/winbar-bg.gif",
        "resources/images/winbar-btn.gif",
        "resources/images/windows-bg.gif",
        "resources/wallpapers/blue.jpg",
        "resources/wallpapers/desk.jpg",
        "resources/wallpapers/desktop.jpg",
        "resources/wallpapers/desktop2.jpg",
        "resources/wallpapers/ext.gif",
        "resources/wallpapers/shiny.gif",
        "resources/wallpapers/sky.jpg",
        "sample.js"
    ]
}
