{
    "title": "Ext.picker.Date Example",
    "product": "extjs",
    "version": "4.0.7",
    "path": "extjs/4.0.7/docs/Ext.picker.Date.1/",
    "categories": [
        {
            "label": "Ext JS"
        },
        {
            "label": "Ext JS 4.0.7"
        }
    ],
    "tags": [
        {
            "label": "Ext.picker.Date"
        },
        {
            "label": "Ext.DatePicker"
        },
        {
            "label": "datepicker"
        },
        {
            "label": "minDate"
        },
        {
            "label": "handler"
        },
        {
            "label": "picker"
        }
    ],
    "seeAlso": [
        {
            "label": "Ext.picker.Date Documentation",
            "url": "http://docs.sencha.com/ext-js/4-0/#!/api/Ext.picker.Date",
            "type": "docs"
        }
    ],
    "author": {
        "name": "Sencha Inc.",
        "github": "extjs",
        "url": "http://sencha.com/",
        "senchadevs": ""
    }
}
