{
    "title": "Ext.data.JsonP Example",
    "product": "touch",
    "version": "2.0.0",
    "path": "touch/2.0.0/docs/Ext.data.JsonP.1/",
    "categories": [
        {
            "label": "Sencha Touch"
        },
        {
            "label": "Sencha Touch 2.0.0"
        }
    ],
    "tags": [
        {
            "label": "Ext.data.JsonP"
        },
        {
            "label": "Ext.util.JSONP"
        },
        {
            "label": "request()"
        },
        {
            "label": "url"
        },
        {
            "label": "callbackKey"
        },
        {
            "label": "params"
        },
        {
            "label": "success"
        },
        {
            "label": "data"
        }
    ],
    "seeAlso": [
        {
            "label": "Ext.data.JsonP Documentation",
            "url": "http://docs.sencha.com/touch/2-0/#!/api/Ext.data.JsonP",
            "type": "docs"
        },
        {
            "label": "Using AJAX Guide",
            "url": "http://docs.sencha.com/touch/2-0/#!/guide/ajax",
            "type": "guide"
        }
    ],
    "author": {
        "name": "Sencha Inc.",
        "github": "extjs",
        "url": "http://sencha.com/",
        "senchadevs": ""
    }
}
