{
    "title": "Components Example",
    "product": "extjs",
    "version": "4.0.7",
    "path": "extjs/4.0.7/guides/components.1/",
    "categories": [
        {
            "label": "Ext JS"
        },
        {
            "label": "Ext JS 4.0.7"
        }
    ],
    "tags": [
        {
            "label": "Ext.create()"
        }
    ],
    "seeAlso": [
        {
            "label": "Components Guide",
            "url": "http://docs.sencha.com/ext-js/4-0/#!/guide/components",
            "type": "guide"
        },
        {
            "label": "Ext Class Documentation",
            "url": "http://docs.sencha.com/ext-js/4-0/#!/api/Ext",
            "type": "docs"
        }
    ],
    "author": {
        "name": "Sencha Inc.",
        "github": "extjs",
        "url": "http://sencha.com/",
        "senchadevs": ""
    }
}
