{
    "title": "Ext.draw.Component Example",
    "product": "extjs",
    "version": "4.0.7",
    "path": "extjs/4.0.7/docs/Ext.draw.Component.1/",
    "categories": [
        {
            "label": "Ext JS"
        },
        {
            "label": "Ext JS 4.0.7"
        }
    ],
    "tags": [
        {
            "label": "Ext.draw.Component"
        },
        {
            "label": "draw"
        },
        {
            "label": "viewBox"
        },
        {
            "label": "items"
        }
    ],
    "seeAlso": [
        {
            "label": "Ext.draw.Component Documentation",
            "url": "http://docs.sencha.com/ext-js/4-0/#!/api/Ext.draw.Component",
            "type": "docs"
        },
        {
            "label": "Drawing and Charting Guide",
            "url": "http://docs.sencha.com/ext-js/4-0/#!/guide/drawing_and_charting",
            "type": "guide"
        }
    ],
    "author": {
        "name": "Sencha Inc.",
        "github": "extjs",
        "url": "http://sencha.com/",
        "senchadevs": ""
    }
}
