{
    "title": "Grid Plugins Examples",
    "product": "extjs",
    "version": "4.0.7",
    "path": "extjs/4.0.7/examples/grid/grid-plugins/",
    "categories": [
        {
            "label": "Ext JS"
        },
        {
            "label": "Ext JS 4.0.7"
        }
    ],
    "seeAlso": [],
    "author": {
        "name": "Sencha Inc.",
        "github": "extjs",
        "url": "http://sencha.com/",
        "senchadevs": ""
    },
    "files": [
        "app.js",
        "index.html",
        "resources/css/app.css",
        "resources/icons/fam/add.gif",
        "resources/icons/fam/delete.gif",
        "resources/icons/fam/grid.png",
        "resources/icons/fam/plugin.gif",
        "ux/RowExpander.js"
    ]
}
