{
    "title": "GroupTabs Example",
    "product": "extjs",
    "version": "4.0.7",
    "path": "extjs/4.0.7/examples/grouptabs/grouptabs/",
    "categories": [
        {
            "label": "Ext JS"
        },
        {
            "label": "Ext JS 4.0.7"
        }
    ],
    "seeAlso": [],
    "author": {
        "name": "Sencha Inc.",
        "github": "extjs",
        "url": "http://sencha.com/",
        "senchadevs": ""
    },
    "files": [
        "app.js",
        "examples.js",
        "index.html",
        "portal/classes/ChartPortlet.js",
        "portal/classes/GridPortlet.js",
        "portal/classes/PortalColumn.js",
        "portal/classes/PortalDropZone.js",
        "portal/classes/PortalPanel.js",
        "portal/classes/Portlet.js",
        "portal/portal.css",
        "resources/css/app.css",
        "resources/css/images/group.png",
        "resources/css/images/subscriptions.png",
        "resources/css/images/templates.png",
        "resources/css/images/tickets.png",
        "ux/GroupTabPanel.js",
        "ux/css/GroupTabPanel.css",
        "ux/css/images/border.gif",
        "ux/css/images/tab-collapsed.gif",
        "ux/css/images/tab-first.gif",
        "ux/css/images/tab-last.gif"
    ]
}
