{
    "title": "Ext.Toolbar Example",
    "product": "touch",
    "version": "2.0.0",
    "path": "touch/2.0.0/docs/Ext.Toolbar.1/",
    "categories": [
        {
            "label": "Sencha Touch"
        },
        {
            "label": "Sencha Touch 2.0.0"
        }
    ],
    "tags": [
        {
            "label": "Ext.Toolbar"
        },
        {
            "label": "toolbar"
        },
        {
            "label": "docked"
        },
        {
            "label": "title"
        },
        {
            "label": "getDocked()"
        },
        {
            "label": "setDocked()"
        },
        {
            "label": "getUi()"
        },
        {
            "label": "setUi()"
        },
        {
            "label": "getTitle()"
        },
        {
            "label": "setTitle()"
        }
    ],
    "seeAlso": [
        {
            "label": "Ext.Toolbar Documentation",
            "url": "http://docs.sencha.com/touch/2-0/#!/api/Ext.Toolbar",
            "type": "docs"
        },
        {
            "label": "Tabs and Toolbars Video",
            "url": "http://docs.sencha.com/touch/2-0/#!/video/tabs-toolbars",
            "type": "video"
        }
    ],
    "author": {
        "name": "Sencha Inc.",
        "github": "extjs",
        "url": "http://sencha.com/",
        "senchadevs": ""
    }
}
