{
    "title": "ExtJS 4 XML Grid - MVC",
    "product": "extjs",
    "version": "4.1.1",
    "path": "extjs/4.1.1/community/extjs4-mvc-xml-grid/",
    "categories": [
        {
            "label": "Ext JS"
        },
        {
            "label": "Ext JS 4.1.1"
        }
    ],
    "seeAlso": [
        {
            "label": "ExtJS 4 XML Grid - MVC on Github",
            "url": "https://github.com/loiane/extjs4-mvc-xml-grid",
            "type": "github"
        }
    ],
    "author": {
        "name": "Loiane Groner",
        "github": "loiane",
        "url": "http://loianegroner.com/"
    },
    "files": [
        "app/controller/Books.js",
        "app/model/Book.js",
        "app/store/Books.js",
        "app/view/book/BookGrid.js",
        "app/view/Viewport.js",
        "app.js",
        "data/sheldon.xml",
        "index.html"
    ]
}
