{
    "title": "Ext.util.DelayedTask Example",
    "product": "touch",
    "version": "2.0.0",
    "path": "touch/2.0.0/docs/Ext.util.DelayedTask.1/",
    "categories": [
        {
            "label": "Sencha Touch"
        },
        {
            "label": "Sencha Touch 2.0.0"
        }
    ],
    "tags": [
        {
            "label": "Ext.util.DelayedTask"
        },
        {
            "label": "util"
        },
        {
            "label": "delay()"
        }
    ],
    "seeAlso": [
        {
            "label": "Ext.util.DelayedTask Documentation",
            "url": "http://docs.sencha.com/touch/2-0/#!/api/Ext.util.DelayedTask",
            "type": "docs"
        }
    ],
    "author": {
        "name": "Sencha Inc.",
        "github": "extjs",
        "url": "http://sencha.com/",
        "senchadevs": ""
    }
}
