{
    "title": "Ext.form.FieldSet Example",
    "product": "touch",
    "version": "2.0.1",
    "path": "touch/2.0.1/docs/Ext.form.FieldSet.1/",
    "categories": [
        {
            "label": "Sencha Touch"
        },
        {
            "label": "Sencha Touch 2.0.1"
        }
    ],
    "tags": [
        {
            "label": "Ext.form.FieldSet"
        }
    ],
    "seeAlso": [
        {
            "label": "Ext.form.FieldSet Documentation",
            "url": "http://docs.sencha.com/touch/2-0/#!/api/Ext.form.FieldSet",
            "type": "docs"
        },
        {
            "label": "Using Forms Guide",
            "url": "http://docs.sencha.com/touch/2-0/#!/guide/forms",
            "type": "guide"
        }
    ],
    "author": {
        "name": "Sencha Inc.",
        "github": "extjs",
        "url": "http://sencha.com/",
        "senchadevs": ""
    }
}
