{
    "title": "Ext.plugin.PullRefresh Example",
    "product": "touch",
    "version": "2.0.0",
    "path": "touch/2.0.0/docs/Ext.plugin.PullRefresh.1/",
    "categories": [
        {
            "label": "Sencha Touch"
        },
        {
            "label": "Sencha Touch 2.0.0"
        }
    ],
    "tags": [
        {
            "label": "Ext.plugin.PullRefresh"
        },
        {
            "label": "pullrefresh"
        },
        {
            "label": "plugin"
        },
        {
            "label": "plugins"
        },
        {
            "label": "pullRefreshText"
        },
        {
            "label": "itemTpl"
        }
    ],
    "seeAlso": [
        {
            "label": "Ext.plugin.PullRefresh Documentation",
            "url": "http://docs.sencha.com/touch/2-0/#!/api/Ext.plugin.PullRefresh",
            "type": "docs"
        }
    ],
    "author": {
        "name": "Sencha Inc.",
        "github": "extjs",
        "url": "http://sencha.com/",
        "senchadevs": ""
    }
}
