{
    "title": "Ext.picker.Color Example",
    "product": "extjs",
    "version": "4.0.7",
    "path": "extjs/4.0.7/docs/Ext.picker.Color.1/",
    "categories": [
        {
            "label": "Ext JS"
        },
        {
            "label": "Ext JS 4.0.7"
        }
    ],
    "tags": [
        {
            "label": "Ext.picker.Color"
        },
        {
            "label": "Ext.ColorPalette"
        },
        {
            "label": "colorpicker"
        },
        {
            "label": "listeners"
        },
        {
            "label": "select"
        },
        {
            "label": "picker"
        }
    ],
    "seeAlso": [
        {
            "label": "Ext.picker.Color Documentation",
            "url": "http://docs.sencha.com/ext-js/4-0/#!/api/Ext.picker.Color",
            "type": "docs"
        }
    ],
    "author": {
        "name": "Sencha Inc.",
        "github": "extjs",
        "url": "http://sencha.com/",
        "senchadevs": ""
    }
}
