{
    "title": "Row Editing Grid Example",
    "product": "extjs",
    "version": "4.0.7",
    "path": "extjs/4.0.7/examples/grid/row-editing/",
    "categories": [
        {
            "label": "Ext JS"
        },
        {
            "label": "Ext JS 4.0.7"
        }
    ],
    "seeAlso": [],
    "author": {
        "name": "Sencha Inc.",
        "github": "extjs",
        "url": "http://sencha.com/",
        "senchadevs": ""
    },
    "files": [
        "app.js",
        "index.html",
        "resources/css/app.css",
        "resources/icons/fam/user_add.gif",
        "resources/icons/fam/user_delete.gif",
        "ux/CheckColumn.js",
        "ux/css/CheckHeader.css",
        "ux/css/images/checked.gif",
        "ux/css/images/unchecked.gif"
    ]
}
