{
    "title": "Displaying an icon in a dialog box using Ext JS",
    "product": "extjs",
    "version": "4.0.7",
    "path": "extjs/4.0.7/demos/Ext.Msg.show.icon.1/",
    "categories": [
        {
            "label": "Ext JS"
        },
        {
            "label": "Ext JS 4.0.7"
        }
    ],
    "tags": [
        {
            "label": "Ext.MessageBox"
        },
        {
            "label": "Ext.Msg"
        },
        {
            "label": "show()"
        },
        {
            "label": "icon"
        }
    ],
    "seeAlso": [
        {
            "label": "Ext.MessageBox Documentation",
            "url": "http://docs.sencha.com/ext-js/4-0/#!/api/Ext.MessageBox",
            "type": "docs"
        }
    ],
    "author": {
        "name": "Sencha Inc.",
        "github": "extjs",
        "url": "http://sencha.com/",
        "senchadevs": ""
    }
}
