{
    "title": "Kitchen Sink",
    "product": "touch",
    "version": "2.0.0",
    "path": "touch/2.0.0/examples/kitchensink/",
    "categories": [
        {
            "label": "Sencha Touch"
        },
        {
            "label": "Sencha Touch 2.0.0"
        }
    ],
    "seeAlso": [],
    "author": {
        "name": "Sencha Inc.",
        "github": "extjs",
        "url": "http://sencha.com/",
        "senchadevs": ""
    },
    "files": [
        "app.js",
        "app.json",
        "app/controller/Main.js",
        "app/controller/phone/Main.js",
        "app/controller/tablet/Main.js",
        "app/model/Cars.js",
        "app/model/Demo.js",
        "app/model/Order.js",
        "app/model/OrderItem.js",
        "app/model/User.js",
        "app/profile/Base.js",
        "app/profile/Phone.js",
        "app/profile/Tablet.js",
        "app/store/Demos.js",
        "app/view/Ajax.js",
        "app/view/Audio.js",
        "app/view/BottomTabs.js",
        "app/view/Buttons.js",
        "app/view/Carousel.js",
        "app/view/CoverDown.js",
        "app/view/CoverLeft.js",
        "app/view/CoverRight.js",
        "app/view/CoverUp.js",
        "app/view/Cube.js",
        "app/view/EditorPanel.js",
        "app/view/Fade.js",
        "app/view/Flip.js",
        "app/view/Forms.js",
        "app/view/Icons.js",
        "app/view/JSONP.js",
        "app/view/List.js",
        "app/view/LoremIpsum.js",
        "app/view/LoremIpsum2.js",
        "app/view/Map.js",
        "app/view/NestedList.js",
        "app/view/NestedLoading.js",
        "app/view/Overlays.js",
        "app/view/Pop.js",
        "app/view/RevealDown.js",
        "app/view/RevealLeft.js",
        "app/view/RevealRight.js",
        "app/view/RevealUp.js",
        "app/view/SlideDown.js",
        "app/view/SlideLeft.js",
        "app/view/SlideRight.js",
        "app/view/SlideUp.js",
        "app/view/SourceOverlay.js",
        "app/view/Tabs.js",
        "app/view/Toolbars.js",
        "app/view/TouchEvents.js",
        "app/view/Video.js",
        "app/view/YQL.js",
        "app/view/phone/Main.js",
        "app/view/phone/TouchEvents.js",
        "app/view/tablet/Main.js",
        "app/view/tablet/TouchEvents.js",
        "app/view/touchevent/Info.js",
        "app/view/touchevent/Logger.js",
        "app/view/touchevent/Pad.js",
        "carregions.json",
        "index.html",
        "resources/css/app.css",
        "resources/icons/icon.png",
        "resources/icons/icon@144.png",
        "resources/icons/icon@2x.png",
        "resources/icons/icon@72.png",
        "resources/images/app_loading.png",
        "resources/images/circle-architecture.png",
        "resources/images/circle-learn.png",
        "resources/images/circle-native.png",
        "resources/images/circle-performance.png",
        "resources/images/circle-touch.png",
        "resources/images/noise.gif",
        "resources/images/sencha.png",
        "resources/images/sencha_small.png",
        "resources/loading/Default-LandscapeLeft~ipad.png",
        "resources/loading/Default-LandscapeRight~ipad.png",
        "resources/loading/Default-Landscape~ipad.png",
        "resources/loading/Default-PortraitUpsideDown~ipad.png",
        "resources/loading/Default-Portrait~ipad.png",
        "resources/loading/Default.png",
        "resources/loading/Default@2x.png",
        "resources/loading/Default~ipad.png",
        "resources/loading/Homescreen.jpg",
        "resources/loading/Homescreen~ipad.jpg",
        "resources/loading/iTunesArtwork.png",
        "test.json",
        "userData.json"
    ]
}
