{
    "title": "Animated DataView Example",
    "product": "extjs",
    "version": "4.0.7",
    "path": "extjs/4.0.7/examples/view/animated-dataview/",
    "categories": [
        {
            "label": "Ext JS"
        },
        {
            "label": "Ext JS 4.0.7"
        }
    ],
    "seeAlso": [],
    "author": {
        "name": "Sencha Inc.",
        "github": "extjs",
        "url": "http://sencha.com/",
        "senchadevs": ""
    },
    "files": [
        "app.js",
        "index.html",
        "resources/css/app.css",
        "resources/images/phones/Audiovox-CDM8600.png",
        "resources/images/phones/BlackBerry-Curve-8520-BlackBerry.png",
        "resources/images/phones/BlackBerry-Curve-8900-BlackBerry.png",
        "resources/images/phones/LG-KC910-Renoir.png",
        "resources/images/phones/LG-KS360.png",
        "resources/images/phones/LG-PRADA-KE850.png",
        "resources/images/phones/LG-Xenon-GR500.png",
        "resources/images/phones/Motorola-RAZR-V3.png",
        "resources/images/phones/Motorola-SLVR-L6i.png",
        "resources/images/phones/Motorola-W377.png",
        "resources/images/phones/Nokia-5310-XpressMusic.png",
        "resources/images/phones/Nokia-E63-Smartphone-110-MB.png",
        "resources/images/phones/Nokia-N85.png",
        "resources/images/phones/Nokia-N900-Smartphone-32-GB.png",
        "resources/images/phones/Samsung-SGH-U600-Ultra-Edition-10.9.png",
        "resources/images/phones/Sony-Ericsson-C510a-Cyber-shot.png",
        "resources/images/phones/Sony-Ericsson-W580i-Walkman.png",
        "resources/images/phones/Sony-Ericsson-W705a-Walkman.png",
        "resources/images/phones/Sony-Ericsson-XPERIA-X1.png",
        "resources/images/phones/T-Mobile-Sidekick-3-Smartphone-64-MB.png",
        "ux/DataView/Animated.js",
        "ux/DataView/DragSelector.css",
        "ux/DataView/DragSelector.js",
        "ux/DataView/Draggable.js",
        "ux/DataView/LabelEditor.js"
    ]
}
