{
    "title": "Fading between items in an Ext.TabPanel container in Sencha Touch 2",
    "product": "touch",
    "version": "2.0.0",
    "path": "touch/2.0.0/demos/Ext.TabPanel.layout.animation.fade/",
    "categories": [
        {
            "label": "Sencha Touch"
        },
        {
            "label": "Sencha Touch 2.0.0"
        }
    ],
    "tags": [],
    "seeAlso": [],
    "author": {
        "name": "Sencha Inc.",
        "github": "extjs",
        "url": "http://sencha.com/",
        "senchadevs": ""
    }
}
