{
    "title": "Removing the tab bar background fill on an Ext.TabPanel container in Ext JS",
    "product": "extjs",
    "version": "4.0.7",
    "path": "extjs/4.0.7/demos/Ext.TabPanel.plain.1/",
    "categories": [
        {
            "label": "Ext JS"
        },
        {
            "label": "Ext JS 4.0.7"
        }
    ],
    "tags": [
        {
            "label": "Ext.tab.TabPanel"
        },
        {
            "label": "Ext.TabPanel"
        },
        {
            "label": "tabpanel"
        },
        {
            "label": "plain"
        }
    ],
    "seeAlso": [
        {
            "label": "Ext.tab.TabPanel Documentation",
            "url": "http://docs.sencha.com/ext-js/4-0/#!/api/Ext.tab.TabPanel",
            "type": "docs"
        }
    ],
    "author": {
        "name": "Sencha Inc.",
        "github": "extjs",
        "url": "http://sencha.com/",
        "senchadevs": ""
    }
}
