{
    "title": "Ext.field.Select Example",
    "product": "touch",
    "version": "2.0.0",
    "path": "touch/2.0.0/docs/Ext.field.Select.1/",
    "categories": [
        {
            "label": "Sencha Touch"
        },
        {
            "label": "Sencha Touch 2.0.0"
        }
    ],
    "tags": [
        {
            "label": "Ext.field.Select"
        },
        {
            "label": "Ext.form.Select"
        },
        {
            "label": "selectfield"
        },
        {
            "label": "options"
        },
        {
            "label": "value"
        },
        {
            "label": "field"
        },
        {
            "label": "form"
        }
    ],
    "seeAlso": [
        {
            "label": "Ext.field.Select Documentation",
            "url": "http://docs.sencha.com/touch/2-0/#!/api/Ext.field.Select",
            "type": "docs"
        },
        {
            "label": "Using Forms Guide",
            "url": "http://docs.sencha.com/touch/2-0/#!/guide/forms",
            "type": "guide"
        }
    ],
    "author": {
        "name": "Sencha Inc.",
        "github": "extjs",
        "url": "http://sencha.com/",
        "senchadevs": ""
    }
}
