{
    "title": "Advanced DataView Example",
    "product": "extjs",
    "version": "4.0.7",
    "path": "extjs/4.0.7/examples/view/chooser/",
    "categories": [
        {
            "label": "Ext JS"
        },
        {
            "label": "Ext JS 4.0.7"
        }
    ],
    "seeAlso": [],
    "author": {
        "name": "Sencha Inc.",
        "github": "extjs",
        "url": "http://sencha.com/",
        "senchadevs": ""
    },
    "files": [
        "IconBrowser.js",
        "InfoPanel.js",
        "Window.js",
        "app.js",
        "icons.json",
        "icons/DnD.png",
        "icons/ajax.png",
        "icons/carousel.png",
        "icons/forms.png",
        "icons/geocongress.png",
        "icons/guide.png",
        "icons/icons.png",
        "icons/kiva.png",
        "icons/map.png",
        "icons/nestedList.png",
        "icons/overlays.png",
        "icons/picker.png",
        "icons/sink.png",
        "icons/sortable.png",
        "icons/tabs.png",
        "icons/tabs2.png",
        "icons/toolbars.png",
        "icons/twitter.png",
        "icons/yql.png",
        "index.html",
        "resources/css/app.css",
        "ux/DataView/Animated.js",
        "ux/DataView/DragSelector.css",
        "ux/DataView/DragSelector.js",
        "ux/DataView/Draggable.js",
        "ux/DataView/LabelEditor.js"
    ]
}
