{
    "title": "Removing the tab bar background fill on an Ext.TabPanel container in Ext JS",
    "product": "extjs",
    "version": "4.1.1",
    "path": "extjs/4.1.1/demos/Ext.TabPanel.plain.1/",
    "categories": [
        {
            "label": "Ext JS"
        },
        {
            "label": "Ext JS 4.1.1"
        }
    ],
    "seeAlso": [],
    "author": {
        "name": "Sencha Inc.",
        "github": "extjs",
        "url": "http://sencha.com/",
        "senchadevs": ""
    },
    "files": [
        "app.js",
        "index.html"
    ]
}
