{
    "title": "Ext.form.field.Spinner",
    "product": "extjs",
    "version": "4.0.7",
    "path": "extjs/4.0.7/docs/Ext.form.field.Spinner.1/",
    "categories": [
        {
            "label": "Ext JS"
        },
        {
            "label": "Ext JS 4.0.7"
        }
    ],
    "tags": [
        {
            "label": "Ext.form.field.Spinner"
        },
        {
            "label": "Ext.form.Spinner"
        },
        {
            "label": "spinnerfield"
        },
        {
            "label": "fieldLabel"
        },
        {
            "label": "step"
        },
        {
            "label": "onSpinUp"
        },
        {
            "label": "onSpinDown"
        },
        {
            "label": "readOnly"
        },
        {
            "label": "getValue()"
        },
        {
            "label": "setValue()"
        },
        {
            "label": "form"
        },
        {
            "label": "field"
        }
    ],
    "seeAlso": [
        {
            "label": "Ext.form.field.Spinner Documentation",
            "url": "http://docs.sencha.com/ext-js/4-0/#!/api/Ext.form.field.Spinner",
            "type": "docs"
        },
        {
            "label": "The Form Package Guide",
            "url": "http://docs.sencha.com/ext-js/4-0/#!/guide/forms",
            "type": "guide"
        }
    ],
    "author": {
        "name": "Sencha Inc.",
        "github": "extjs",
        "url": "http://sencha.com/",
        "senchadevs": ""
    }
}
