{
    "title": "Ext.carousel.Carousel Example",
    "product": "touch",
    "version": "2.0.0",
    "path": "touch/2.0.0/docs/Ext.carousel.Carousel.1/",
    "categories": [
        {
            "label": "Sencha Touch"
        },
        {
            "label": "Sencha Touch 2.0.0"
        }
    ],
    "tags": [
        {
            "label": "Ext.carousel.Carousel"
        },
        {
            "label": "Ext.Carousel"
        },
        {
            "label": "carousel"
        }
    ],
    "seeAlso": [
        {
            "label": "Ext.carousel.Carousel Documentation",
            "url": "http://docs.sencha.com/touch/2-0/#!/api/Ext.carousel.Carousel",
            "type": "docs"
        }
    ],
    "author": {
        "name": "Sencha Inc.",
        "github": "extjs",
        "url": "http://sencha.com/",
        "senchadevs": ""
    }
}
