{
    "title": "Ext.form.field.Checkbox Example",
    "product": "extjs",
    "version": "4.0.7",
    "path": "extjs/4.0.7/docs/Ext.form.field.ComboBox.1/",
    "categories": [
        {
            "label": "Ext JS"
        },
        {
            "label": "Ext JS 4.0.7"
        }
    ],
    "tags": [
        {
            "label": "Ext.form.field.ComboBox"
        },
        {
            "label": "Ext.form.ComboBox"
        },
        {
            "label": "combobox"
        },
        {
            "label": "combo"
        },
        {
            "label": "fieldLabel"
        },
        {
            "label": "store"
        },
        {
            "label": "queryMode"
        },
        {
            "label": "displayField"
        },
        {
            "label": "valueField"
        },
        {
            "label": "form"
        },
        {
            "label": "field"
        }
    ],
    "seeAlso": [
        {
            "label": "Ext.form.field.ComboBox Documentation",
            "url": "http://docs.sencha.com/ext-js/4-0/#!/api/Ext.form.field.ComboBox",
            "type": "docs"
        },
        {
            "label": "The Form Package Guide",
            "url": "http://docs.sencha.com/ext-js/4-0/#!/guide/forms",
            "type": "guide"
        }
    ],
    "author": {
        "name": "Sencha Inc.",
        "github": "extjs",
        "url": "http://sencha.com/",
        "senchadevs": ""
    }
}
