{
    "title": "Multisort DataView Example",
    "product": "extjs",
    "version": "4.0.7",
    "path": "extjs/4.0.7/examples/view/multisort/",
    "categories": [
        {
            "label": "Ext JS"
        },
        {
            "label": "Ext JS 4.0.7"
        }
    ],
    "seeAlso": [],
    "author": {
        "name": "Sencha Inc.",
        "github": "extjs",
        "url": "http://sencha.com/",
        "senchadevs": ""
    },
    "files": [
        "Panel.js",
        "SortButton.js",
        "app.js",
        "index.html",
        "resources/css/app.css",
        "resources/css/icons/sort_asc.gif",
        "resources/css/icons/sort_desc.gif",
        "resources/touch-icons/DnD.png",
        "resources/touch-icons/ajax.png",
        "resources/touch-icons/carousel.png",
        "resources/touch-icons/forms.png",
        "resources/touch-icons/geocongress.png",
        "resources/touch-icons/guide.png",
        "resources/touch-icons/icons.png",
        "resources/touch-icons/kiva.png",
        "resources/touch-icons/map.png",
        "resources/touch-icons/nestedList.png",
        "resources/touch-icons/overlays.png",
        "resources/touch-icons/picker.png",
        "resources/touch-icons/sink.png",
        "resources/touch-icons/sortable.png",
        "resources/touch-icons/tabs.png",
        "resources/touch-icons/tabs2.png",
        "resources/touch-icons/toolbars.png",
        "resources/touch-icons/twitter.png",
        "resources/touch-icons/yql.png",
        "sencha-touch-examples.json",
        "ux/BoxReorderer.js",
        "ux/DataView/Animated.js",
        "ux/DataView/DragSelector.css",
        "ux/DataView/DragSelector.js",
        "ux/DataView/Draggable.js",
        "ux/DataView/LabelEditor.js"
    ]
}
