{
    "title": "StatusBar Examples",
    "product": "extjs",
    "version": "4.0.7",
    "path": "extjs/4.0.7/examples/statusbar/statusbar-demo/",
    "categories": [
        {
            "label": "Ext JS"
        },
        {
            "label": "Ext JS 4.0.7"
        }
    ],
    "seeAlso": [],
    "author": {
        "name": "Sencha Inc.",
        "github": "extjs",
        "url": "http://sencha.com/",
        "senchadevs": ""
    },
    "files": [
        "app.js",
        "index.html",
        "resources/css/app.css",
        "ux/statusbar/StatusBar.js",
        "ux/statusbar/ValidationStatus.js",
        "ux/statusbar/css/statusbar.css",
        "ux/statusbar/images/accept.png",
        "ux/statusbar/images/exclamation.gif",
        "ux/statusbar/images/loading.gif",
        "ux/statusbar/images/saved.png",
        "ux/statusbar/images/saving.gif"
    ]
}
