{
    "title": "Ext.form.field.Time Example",
    "product": "extjs",
    "version": "4.0.7",
    "path": "extjs/4.0.7/docs/Ext.form.field.Time.1/",
    "categories": [
        {
            "label": "Ext JS"
        },
        {
            "label": "Ext JS 4.0.7"
        }
    ],
    "tags": [
        {
            "label": "Ext.form.field.Time"
        },
        {
            "label": "Ext.form.Time"
        },
        {
            "label": "Ext.form.TimeField"
        },
        {
            "label": "timefield"
        },
        {
            "label": "minValue"
        },
        {
            "label": "maxValue"
        },
        {
            "label": "increment"
        },
        {
            "label": "form"
        },
        {
            "label": "field"
        }
    ],
    "seeAlso": [
        {
            "label": "Ext.form.field.Time Documentation",
            "url": "http://docs.sencha.com/ext-js/4-0/#!/api/Ext.form.field.Time",
            "type": "docs"
        },
        {
            "label": "The Form Package Guide",
            "url": "http://docs.sencha.com/ext-js/4-0/#!/guide/forms",
            "type": "guide"
        }
    ],
    "author": {
        "name": "Sencha Inc.",
        "github": "extjs",
        "url": "http://sencha.com/",
        "senchadevs": ""
    }
}
