{
    "title": "ExtJS 4 Example using Ext.flash.ComponentView component",
    "product": "extjs",
    "version": "4.1.1",
    "path": "extjs/4.1.1/community/extjs4-flash-video/",
    "categories": [
        {
            "label": "Ext JS"
        },
        {
            "label": "Ext JS 4.1.1"
        }
    ],
    "seeAlso": [
        {
            "label": "ExtJS 4 Example using Ext.flash.ComponentView component on GitHub",
            "url": "https://github.com/loiane/extjs4-flash-video",
            "type": "github"
        }
    ],
    "author": {
        "name": "Loiane Groner",
        "github": "loiane",
        "url": "http://loianegroner.com/",
        "senchadevs": ""
    },
    "files": [
        "airballoon/AIRBALLOON.fla",
        "airballoon/AIRBALLOON.swf",
        "airballoon/AIRBALLOONv8.fla",
        "app.js",
        "index.html",
        "swfobject/expressInstall.swf",
        "swfobject/index.html",
        "swfobject/index_dynamic.html",
        "swfobject/src/expressInstall.as",
        "swfobject/src/expressInstall.fla",
        "swfobject/src/swfobject.js",
        "swfobject/swfobject.js",
        "swfobject/test.swf"
    ]
}
