{
    "title": "Ext.chart.series.Column Example",
    "product": "extjs",
    "version": "4.0.7",
    "path": "extjs/4.0.7/docs/Ext.chart.series.Column.1/",
    "categories": [
        {
            "label": "Ext JS"
        },
        {
            "label": "Ext JS 4.0.7"
        }
    ],
    "tags": [
        {
            "label": "Ext.chart.series.Column"
        },
        {
            "label": "Ext.chart.ColumnChart"
        },
        {
            "label": "Ext.chart.ColumnSeries"
        },
        {
            "label": "Ext.chart.StackedColumnChart"
        },
        {
            "label": "column"
        },
        {
            "label": "type"
        },
        {
            "label": "tips"
        },
        {
            "label": "xField"
        },
        {
            "label": "yField"
        },
        {
            "label": "chart"
        },
        {
            "label": "series"
        }
    ],
    "seeAlso": [
        {
            "label": "Ext.chart.series.Column Documentation",
            "url": "http://docs.sencha.com/ext-js/4-0/#!/api/Ext.chart.series.Column",
            "type": "docs"
        },
        {
            "label": "Drawing and Charting Guide",
            "url": "http://docs.sencha.com/ext-js/4-0/#!/guide/drawing_and_charting",
            "type": "guide"
        }
    ],
    "author": {
        "name": "Sencha Inc.",
        "github": "extjs",
        "url": "http://sencha.com/",
        "senchadevs": ""
    }
}
