{
    "title": "Ext.chart.Legend Example",
    "product": "extjs",
    "version": "4.0.7",
    "path": "extjs/4.0.7/docs/Ext.chart.Legend.1/",
    "categories": [
        {
            "label": "Ext JS"
        },
        {
            "label": "Ext JS 4.0.7"
        }
    ],
    "tags": [
        {
            "label": "Ext.chart.Legend"
        },
        {
            "label": "position"
        },
        {
            "label": "chart"
        }
    ],
    "seeAlso": [
        {
            "label": "Ext.chart.Legend Documentation",
            "url": "http://docs.sencha.com/ext-js/4-0/#!/api/Ext.chart.Legend",
            "type": "docs"
        },
        {
            "label": "Drawing and Charting Guide",
            "url": "http://docs.sencha.com/ext-js/4-0/#!/guide/drawing_and_charting",
            "type": "guide"
        }
    ],
    "author": {
        "name": "Sencha Inc.",
        "github": "extjs",
        "url": "http://sencha.com/",
        "senchadevs": ""
    }
}
