{
    "title": "ExtJS 4 Example: Multiline Row in a Grid",
    "product": "extjs",
    "version": "4.1.1",
    "path": "extjs/4.1.1/community/extjs4-grid-multiline-row/",
    "categories": [
        {
            "label": "Ext JS"
        },
        {
            "label": "Ext JS 4.1.1"
        }
    ],
    "seeAlso": [
        {
            "label": "ExtJS 4 Example: Multiline Row in a Grid on Github",
            "url": "https://github.com/loiane/extjs4-grid-multiline-row",
            "type": "github"
        }
    ],
    "author": {
        "name": "Loiane Groner",
        "github": "loiane",
        "url": "http://loianegroner.com/"
    },
    "files": [
        "app.js",
        "index.html"
    ]
}
 
