{
    "title": "Ext.container.Viewport Example",
    "product": "extjs",
    "version": "4.0.7",
    "path": "extjs/4.0.7/docs/Ext.container.Viewport.1/",
    "categories": [
        {
            "label": "Ext JS"
        },
        {
            "label": "Ext JS 4.0.7"
        }
    ],
    "tags": [
        {
            "label": "Ext.container.Viewport"
        },
        {
            "label": "Ext.Viewport"
        },
        {
            "label": "viewport"
        },
        {
            "label": "layout"
        },
        {
            "label": "items"
        },
        {
            "label": "container"
        }
    ],
    "seeAlso": [
        {
            "label": "Ext.container.Viewport Documentation",
            "url": "http://docs.sencha.com/ext-js/4-0/#!/api/Ext.container.Viewport",
            "type": "docs"
        }
    ],
    "author": {
        "name": "Sencha Inc.",
        "github": "extjs",
        "url": "http://sencha.com/",
        "senchadevs": ""
    }
}
