{
    "title": "Ext.form.field.Date Example",
    "product": "extjs",
    "version": "4.1.0",
    "path": "extjs/4.1.0/docs/Ext.form.field.Date.2/",
    "categories": [
        {
            "label": "Ext JS"
        },
        {
            "label": "Ext JS 4.1.0"
        }
    ],
    "seeAlso": [
        {
            "label": "Ext.form.field.Date Documentation",
            "url": "http://docs.sencha.com/ext-js/4-1/#!/api/Ext.form.field.Date",
            "type": "docs"
        }
    ],
    "author": {
        "name": "Sencha Inc.",
        "github": "extjs",
        "url": "http://sencha.com/",
        "senchadevs": ""
    },
    "files": [
        "app.js",
        "index.html"
    ]
}
