{
    "title": "Ext.Img Example",
    "product": "touch",
    "version": "2.0.0",
    "path": "touch/2.0.0/docs/Ext.Img.2/",
    "categories": [
        {
            "label": "Sencha Touch"
        },
        {
            "label": "Sencha Touch 2.0.0"
        }
    ],
    "tags": [
        {
            "label": "Ext.Img"
        },
        {
            "label": "image"
        },
        {
            "label": "img"
        },
        {
            "label": "src"
        },
        {
            "label": "flex"
        }
    ],
    "seeAlso": [
        {
            "label": "Ext.Img Documentation",
            "url": "http://docs.sencha.com/touch/2-0/#!/api/Ext.Img",
            "type": "docs"
        }
    ],
    "author": {
        "name": "Sencha Inc.",
        "github": "extjs",
        "url": "http://sencha.com/",
        "senchadevs": ""
    }
}
