{
    "title": "Ext.Spacer Example",
    "product": "touch",
    "version": "2.0.0",
    "path": "touch/2.0.0/docs/Ext.Spacer.2/",
    "categories": [
        {
            "label": "Sencha Touch"
        },
        {
            "label": "Sencha Touch 2.0.0"
        }
    ],
    "tags": [
        {
            "label": "Ext.Spacer"
        },
        {
            "label": "spacer"
        },
        {
            "label": "width"
        },
        {
            "label": "setWidth()"
        }
    ],
    "seeAlso": [
        {
            "label": "Ext.Spacer Documentation",
            "url": "http://docs.sencha.com/touch/2-0/#!/api/Ext.Spacer",
            "type": "docs"
        }
    ],
    "author": {
        "name": "Sencha Inc.",
        "github": "extjs",
        "url": "http://sencha.com/",
        "senchadevs": ""
    }
}
