{
    "title": "Lazy Loading Data Associations",
    "product": "extjs",
    "version": "4.0.7",
    "path": "extjs/4.0.7/examples/data/associations/",
    "categories": [
        {
            "label": "Ext JS"
        },
        {
            "label": "Ext JS 4.0.7"
        }
    ],
    "seeAlso": [],
    "author": {
        "name": "Sencha Inc.",
        "github": "extjs",
        "url": "http://sencha.com/",
        "senchadevs": ""
    },
    "files": [
        "app.js",
        "customer.php",
        "index.html",
        "order.php",
        "orderitem.php",
        "resources/css/app.css"
    ]
}
