{
    "title": "The Form Package Example",
    "product": "extjs",
    "version": "4.0.7",
    "path": "extjs/4.0.7/guides/forms.2/",
    "categories": [
        {
            "label": "Ext JS"
        },
        {
            "label": "Ext JS 4.0.7"
        }
    ],
    "tags": [
        {
            "label": "Ext.form.Panel"
        },
        {
            "label": "textfield"
        },
        {
            "label": "labelAlign"
        },
        {
            "label": "layout"
        },
        {
            "label": "hbox"
        },
        {
            "label": "fieldLabel"
        },
        {
            "label": "datefield"
        }
    ],
    "seeAlso": [
        {
            "label": "The Form Package Guide",
            "url": "http://docs.sencha.com/ext-js/4-0/#!/guide/forms",
            "type": "guide"
        },
        {
            "label": "Ext.form.Panel Documentation",
            "url": "http://docs.sencha.com/ext-js/4-0/#!/api/Ext.form.Panel",
            "type": "docs"
        }
    ],
    "author": {
        "name": "Sencha Inc.",
        "github": "extjs",
        "url": "http://sencha.com/",
        "senchadevs": ""
    }
}
