{
    "title": "Setting the size of an Ext.Button component using Ext JS",
    "product": "extjs",
    "version": "4.1.0",
    "path": "extjs/4.1.0/demos/Ext.Button.scale.1/",
    "categories": [
        {
            "label": "Ext JS"
        },
        {
            "label": "Ext JS 4.1.0"
        }
    ],
    "seeAlso": [],
    "author": {
        "name": "Sencha Inc.",
        "github": "extjs",
        "url": "http://sencha.com/",
        "senchadevs": ""
    },
    "files": [
        "app.js",
        "index.html"
    ]
}
