{
    "title": "Ext.navigation.View Example",
    "product": "touch",
    "version": "2.0.0",
    "path": "touch/2.0.0/docs/Ext.navigation.View.1/",
    "categories": [
        {
            "label": "Sencha Touch"
        },
        {
            "label": "Sencha Touch 2.0.0"
        }
    ],
    "tags": [
        {
            "label": "Ext.navigation.View"
        },
        {
            "label": "Ext.NavigationView"
        },
        {
            "label": "navigationview"
        },
        {
            "label": "navigation"
        },
        {
            "label": "items"
        },
        {
            "label": "push()"
        }
    ],
    "seeAlso": [
        {
            "label": "Ext.navigation.View Documentation",
            "url": "http://docs.sencha.com/touch/2-0/#!/api/Ext.navigation.View",
            "type": "docs"
        },
        {
            "label": "Using Navigation View Guide",
            "url": "http://docs.sencha.com/touch/2-0/#!/guide/navigation_view",
            "type": "guide"
        }
    ],
    "author": {
        "name": "Sencha Inc.",
        "github": "extjs",
        "url": "http://sencha.com/",
        "senchadevs": ""
    }
}
