{
    "title": "Ext.container.ButtonGroup Example",
    "product": "extjs",
    "version": "4.1.0",
    "path": "extjs/4.1.0/docs/Ext.container.ButtonGroup.1/",
    "categories": [
        {
            "label": "Ext JS"
        },
        {
            "label": "Ext JS 4.1.0"
        }
    ],
    "tags": [
        {
            "label": "Ext.container.ButtonGroup"
        }
    ],
    "seeAlso": [
        {
            "label": "Ext.container.ButtonGroup Documentation",
            "url": "http://docs.sencha.com/ext-js/4-1/#!/api/Ext.container.ButtonGroup",
            "type": "docs"
        },
        {
            "label": "The Ext JS 4 Layout System Video",
            "url": "http://docs.sencha.com/ext-js/4-1/#!/video/17917111",
            "type": "video"
        }
    ],
    "author": {
        "name": "Sencha Inc.",
        "github": "extjs",
        "url": "http://sencha.com/",
        "senchadevs": ""
    }
}
