{
    "title": "Ext.button.Cycle Example",
    "product": "extjs",
    "version": "4.0.7",
    "path": "extjs/4.0.7/docs/Ext.button.Cycle.1/",
    "categories": [
        {
            "label": "Ext JS"
        },
        {
            "label": "Ext JS 4.0.7"
        }
    ],
    "tags": [
        {
            "label": "Ext.button.Cycle"
        },
        {
            "label": "Ext.CycleButton"
        },
        {
            "label": "cycle"
        },
        {
            "label": "showText"
        },
        {
            "label": "prependText"
        },
        {
            "label": "menu"
        },
        {
            "label": "iconCls"
        },
        {
            "label": "checked"
        },
        {
            "label": "changeHandler"
        }
    ],
    "seeAlso": [
        {
            "label": "Ext.button.Cycle Documentation",
            "url": "http://docs.sencha.com/ext-js/4-0/#!/api/Ext.button.Cycle",
            "type": "docs"
        }
    ],
    "author": {
        "name": "Sencha Inc.",
        "github": "extjs",
        "url": "http://sencha.com/",
        "senchadevs": ""
    }
}
