{
    "title": "Ext.toolbar.Paging Example",
    "product": "extjs",
    "version": "4.0.7",
    "path": "extjs/4.0.7/docs/Ext.toolbar.Paging.1/",
    "categories": [
        {
            "label": "Ext JS"
        },
        {
            "label": "Ext JS 4.0.7"
        }
    ],
    "tags": [
        {
            "label": "Ext.toolbar.Paging"
        },
        {
            "label": "Ext.PagingToolbar"
        },
        {
            "label": "pagingtoolbar"
        },
        {
            "label": "dock"
        },
        {
            "label": "displayInfo"
        },
        {
            "label": "toolbar"
        }
    ],
    "seeAlso": [
        {
            "label": "Ext.toolbar.Paging Documentation",
            "url": "http://docs.sencha.com/ext-js/4-0/#!/api/Ext.toolbar.Paging",
            "type": "docs"
        }
    ],
    "author": {
        "name": "Sencha Inc.",
        "github": "extjs",
        "url": "http://sencha.com/",
        "senchadevs": ""
    }
}
