{
    "title": "Ext.view.View Example",
    "product": "extjs",
    "version": "4.0.7",
    "path": "extjs/4.0.7/docs/Ext.view.View.1/",
    "categories": [
        {
            "label": "Ext JS"
        },
        {
            "label": "Ext JS 4.0.7"
        }
    ],
    "tags": [
        {
            "label": "Ext.view.View"
        },
        {
            "label": "Ext.DataView"
        },
        {
            "label": "dataview"
        },
        {
            "label": "view"
        },
        {
            "label": "tpl"
        },
        {
            "label": "itemSelector"
        },
        {
            "label": "emptyText"
        }
    ],
    "seeAlso": [
        {
            "label": "Ext.view.View Documentation",
            "url": "http://docs.sencha.com/ext-js/4-0/#!/api/Ext.view.View",
            "type": "docs"
        }
    ],
    "author": {
        "name": "Sencha Inc.",
        "github": "extjs",
        "url": "http://sencha.com/",
        "senchadevs": ""
    }
}
