{
    "title": "Ext.chart.axis.Category Example",
    "product": "extjs",
    "version": "4.0.7",
    "path": "extjs/4.0.7/docs/Ext.chart.axis.Category.1/",
    "categories": [
        {
            "label": "Ext JS"
        },
        {
            "label": "Ext JS 4.0.7"
        }
    ],
    "tags": [
        {
            "label": "Ext.chart.axis.Category"
        },
        {
            "label": "Ext.chart.CategoryAxis"
        },
        {
            "label": "category"
        },
        {
            "label": "axes"
        },
        {
            "label": "position"
        },
        {
            "label": "fields"
        },
        {
            "label": "title"
        },
        {
            "label": "grid"
        },
        {
            "label": "label"
        },
        {
            "label": "series"
        },
        {
            "label": "chart"
        },
        {
            "label": "axis"
        }
    ],
    "seeAlso": [
        {
            "label": "Ext.chart.axis.Category Documentation",
            "url": "http://docs.sencha.com/ext-js/4-0/#!/api/Ext.chart.axis.Category",
            "type": "docs"
        },
        {
            "label": "Drawing and Charting Guide",
            "url": "http://docs.sencha.com/ext-js/4-0/#!/guide/drawing_and_charting",
            "type": "guide"
        }
    ],
    "author": {
        "name": "Sencha Inc.",
        "github": "extjs",
        "url": "http://sencha.com/",
        "senchadevs": ""
    }
}
