{
    "title": "Navigation View",
    "product": "touch",
    "version": "2.0.0",
    "path": "touch/2.0.0/examples/navigationview/",
    "categories": [
        {
            "label": "Sencha Touch"
        },
        {
            "label": "Sencha Touch 2.0.0"
        }
    ],
    "seeAlso": [],
    "author": {
        "name": "Sencha Inc.",
        "github": "extjs",
        "url": "http://sencha.com/",
        "senchadevs": ""
    },
    "files": [
        "app.js",
        "app.json",
        "app/controller/Application.js",
        "app/model/Contact.js",
        "app/store/Contacts.js",
        "app/view/Contacts.js",
        "app/view/Main.js",
        "app/view/contact/Edit.js",
        "app/view/contact/Show.js",
        "contacts.json",
        "index.html",
        "resources/css/app.css",
        "resources/icons/icon.png",
        "resources/icons/icon@144.png",
        "resources/icons/icon@2x.png",
        "resources/icons/icon@72.png",
        "resources/images/headshots/1.jpeg",
        "resources/images/headshots/2.jpeg",
        "resources/images/headshots/3.jpeg",
        "resources/images/headshots/4.jpeg",
        "resources/images/headshots/5.jpeg",
        "resources/images/headshots/6.jpeg",
        "resources/images/headshots/7.jpeg",
        "resources/images/headshots/attributions.txt",
        "resources/loading/Default-LandscapeLeft~ipad.png",
        "resources/loading/Default-LandscapeRight~ipad.png",
        "resources/loading/Default-Landscape~ipad.png",
        "resources/loading/Default-PortraitUpsideDown~ipad.png",
        "resources/loading/Default-Portrait~ipad.png",
        "resources/loading/Default.png",
        "resources/loading/Default@2x.png",
        "resources/loading/Default~ipad.png",
        "resources/loading/Homescreen.jpg",
        "resources/loading/Homescreen~ipad.jpg",
        "resources/loading/iTunesArtwork.png"
    ]
}
