{
    "title": "Toolbar with Menus",
    "product": "extjs",
    "version": "4.0.7",
    "path": "extjs/4.0.7/examples/menu/menus/",
    "categories": [
        {
            "label": "Ext JS"
        },
        {
            "label": "Ext JS 4.0.7"
        }
    ],
    "seeAlso": [],
    "author": {
        "name": "Sencha Inc.",
        "github": "extjs",
        "url": "http://sencha.com/",
        "senchadevs": ""
    },
    "files": [
        "app.js",
        "examples.js",
        "index.html",
        "resources/css/app.css",
        "resources/css/images/add.gif",
        "resources/css/images/calendar.gif",
        "resources/css/images/im32x32.gif",
        "resources/css/images/list-items.gif",
        "resources/css/images/menu-show.gif",
        "resources/css/images/preview.png",
        "resources/css/images/user.gif",
        "states.js"
    ]
}
