{
    "title": "Ext.chart.series.Pie Example",
    "product": "extjs",
    "version": "4.0.7",
    "path": "extjs/4.0.7/docs/Ext.chart.series.Pie.1/",
    "categories": [
        {
            "label": "Ext JS"
        },
        {
            "label": "Ext JS 4.0.7"
        }
    ],
    "tags": [
        {
            "label": "Ext.chart.series.Pie"
        },
        {
            "label": "Ext.chart.PieChart"
        },
        {
            "label": "Ext.chart.PieSeries"
        },
        {
            "label": "pie"
        },
        {
            "label": "angleField"
        },
        {
            "label": "showInLegend"
        },
        {
            "label": "tips"
        },
        {
            "label": "highlight"
        },
        {
            "label": "label"
        },
        {
            "label": "chart"
        },
        {
            "label": "series"
        }
    ],
    "seeAlso": [
        {
            "label": "Ext.chart.series.Pie Documentation",
            "url": "http://docs.sencha.com/ext-js/4-0/#!/api/Ext.chart.series.Pie",
            "type": "docs"
        },
        {
            "label": "Drawing and Charting Guide",
            "url": "http://docs.sencha.com/ext-js/4-0/#!/guide/drawing_and_charting",
            "type": "guide"
        }
    ],
    "author": {
        "name": "Sencha Inc.",
        "github": "extjs",
        "url": "http://sencha.com/",
        "senchadevs": ""
    }
}
