{
    "title": "Determining the application Ext JS framework version number using Ext JS",
    "product": "extjs",
    "version": "4.0.7",
    "path": "extjs/4.0.7/demos/Ext.Version.getVersion.1/",
    "categories": [
        {
            "label": "Ext JS"
        },
        {
            "label": "Ext JS 4.0.7"
        }
    ],
    "tags": [
        {
            "label": "Ext.Version"
        },
        {
            "label": "getVersion()"
        }
    ],
    "seeAlso": [
        {
            "label": "Ext.Version Documentation",
            "url": "http://docs.sencha.com/ext-js/4-0/#!/api/Ext.Version",
            "type": "docs"
        }
    ],
    "author": {
        "name": "Sencha Inc.",
        "github": "extjs",
        "url": "http://sencha.com/",
        "senchadevs": ""
    }
}
