{
    "title": "Ext.layout.container.Card Example",
    "product": "extjs",
    "version": "4.1.0",
    "path": "extjs/4.1.0/docs/Ext.layout.container.Card.1/",
    "categories": [
        {
            "label": "Ext JS"
        },
        {
            "label": "Ext JS 4.1.0"
        }
    ],
    "seeAlso": [
        {
            "label": "Ext.layout.container.Card Documentation",
            "url": "http://docs.sencha.com/ext-js/4-1/#!/api/Ext.layout.container.Card",
            "type": "docs"
        },
        {
            "label": "The Ext JS 4 Layout System Video",
            "url": "http://docs.sencha.com/ext-js/4-1/#!/video/17917111",
            "type": "video"
        }
    ],
    "author": {
        "name": "Sencha Inc.",
        "github": "extjs",
        "url": "http://sencha.com/",
        "senchadevs": ""
    },
    "files": [
        "app.js",
        "index.html"
    ]
}
