{
    "title": "Ext.Component Example",
    "product": "extjs",
    "version": "4.1.0",
    "path": "extjs/4.1.0/docs/Ext.Component.1/",
    "categories": [
        {
            "label": "Ext JS"
        },
        {
            "label": "Ext JS 4.1.0"
        }
    ],
    "tags": [
        {
            "label": "Ext.Component"
        }
    ],
    "seeAlso": [
        {
            "label": "Ext.Component Documentation",
            "url": "http://docs.sencha.com/ext-js/4-1/#!/api/Ext.Component",
            "type": "docs"
        }
    ],
    "author": {
        "name": "Sencha Inc.",
        "github": "extjs",
        "url": "http://sencha.com/",
        "senchadevs": ""
    }
}
