{
    "title": "Device APIs",
    "product": "touch",
    "version": "2.0.0",
    "path": "touch/2.0.0/examples/device/",
    "categories": [
        {
            "label": "Sencha Touch"
        },
        {
            "label": "Sencha Touch 2.0.0"
        }
    ],
    "seeAlso": [],
    "author": {
        "name": "Sencha Inc.",
        "github": "extjs",
        "url": "http://sencha.com/",
        "senchadevs": ""
    },
    "files": [
        "app.js",
        "app.json",
        "app/controller/Application.js",
        "app/controller/Camera.js",
        "app/controller/Connection.js",
        "app/controller/Notification.js",
        "app/controller/Orientation.js",
        "app/store/Images.js",
        "app/view/Camera.js",
        "app/view/Connection.js",
        "app/view/Geolocation.js",
        "app/view/Information.js",
        "app/view/Main.js",
        "app/view/Notification.js",
        "app/view/Orientation.js",
        "app/view/camera/ImageList.js",
        "app/view/camera/ImageView.js",
        "index.html",
        "resources/css/app.css",
        "resources/icons/icon.png",
        "resources/icons/icon@144.png",
        "resources/icons/icon@2x.png",
        "resources/icons/icon@72.png",
        "resources/loading/Default-LandscapeLeft~ipad.png",
        "resources/loading/Default-LandscapeRight~ipad.png",
        "resources/loading/Default-Landscape~ipad.png",
        "resources/loading/Default-PortraitUpsideDown~ipad.png",
        "resources/loading/Default-Portrait~ipad.png",
        "resources/loading/Default.png",
        "resources/loading/Default@2x.png",
        "resources/loading/Default~ipad.png",
        "resources/loading/Homescreen.jpg",
        "resources/loading/Homescreen~ipad.jpg",
        "resources/loading/iTunesArtwork.png"
    ]
}
