{
    "title": "Ext.dataview.List Example",
    "product": "touch",
    "version": "2.0.1",
    "path": "touch/2.0.1/docs/Ext.dataview.List.2/",
    "categories": [
        {
            "label": "Sencha Touch"
        },
        {
            "label": "Sencha Touch 2.0.1"
        }
    ],
    "tags": [
        {
            "label": "Ext.dataview.List"
        },
        {
            "label": "Ext.List"
        },
        {
            "label": "list"
        }
    ],
    "seeAlso": [
        {
            "label": "Ext.dataview.List Documentation",
            "url": "http://docs.sencha.com/touch/2-0/#!/api/Ext.dataview.List",
            "type": "docs"
        },
        {
            "label": "Using List Guide",
            "url": "http://docs.sencha.com/touch/2-0/#!/guide/list",
            "type": "guide"
        },
        {
            "label": "Intro to List Component Video",
            "url": "http://docs.sencha.com/touch/2-0/#!/video/list",
            "type": "video"
        }
    ],
    "author": {
        "name": "Sencha Inc.",
        "github": "extjs",
        "url": "http://sencha.com/",
        "senchadevs": ""
    }
}
