{
    "title": "Using a GridPanel as a DropZone managing each grid cell as a target",
    "product": "extjs",
    "version": "4.0.7",
    "path": "extjs/4.0.7/examples/dd/field-to-grid-dd/",
    "categories": [
        {
            "label": "Ext JS"
        },
        {
            "label": "Ext JS 4.0.7"
        }
    ],
    "tags": [],
    "seeAlso": [],
    "author": {
        "name": "Sencha Inc.",
        "github": "extjs",
        "url": "http://sencha.com/",
        "senchadevs": ""
    }
}
