{
    "title": "Ext.picker.Date Example",
    "product": "touch",
    "version": "2.0.0",
    "path": "touch/2.0.0/docs/Ext.picker.Date.1/",
    "categories": [
        {
            "label": "Sencha Touch"
        },
        {
            "label": "Sencha Touch 2.0.0"
        }
    ],
    "tags": [
        {
            "label": "Ext.picker.Date"
        },
        {
            "label": "Ext.DatePicker"
        },
        {
            "label": "datepicker"
        },
        {
            "label": "show()"
        },
        {
            "label": "picker"
        }
    ],
    "seeAlso": [
        {
            "label": "Ext.picker.Date Documentation",
            "url": "http://docs.sencha.com/touch/2-0/#!/api/Ext.picker.Date",
            "type": "docs"
        }
    ],
    "author": {
        "name": "Sencha Inc.",
        "github": "extjs",
        "url": "http://sencha.com/",
        "senchadevs": ""
    }
}
